{"stats":{"minecraft:dropped":{"minecraft:wheat_seeds":1,"biomesoplenty:tall_lavender":2,"biomesoplenty:lavender":3,"minecraft:stick":1},"minecraft:picked_up":{"biomesoplenty:lavender":16,"minecraft:stick":1,"biomesoplenty:tall_lavender":3,"minecraft:wheat_seeds":2,"minecraft:oak_log":1,"minecraft:feather":1,"minecraft:oak_sapling":2,"minecraft:dirt":70,"minecraft:cobblestone":1},"minecraft:killed_by":{"minecraft:player":1,"sanitydim:rotting_stalker":1},"minecraft:mined":{"minecraft:podzol":1,"minecraft:grass":10,"biomesoplenty:bush":2,"biomesoplenty:jacaranda_leaves":3,"minecraft:grass_block":66,"minecraft:oak_log":1,"biomesoplenty:tall_lavender":9,"minecraft:dirt":3,"minecraft:tall_grass":2,"biomesoplenty:lavender":29,"minecraft:oak_leaves":64,"minecraft:fern":2},"minecraft:used":{"minecraft:dirt":13,"biomesoplenty:tall_lavender":1,"tombstone:gift":1,"biomesoplenty:lavender":13},"minecraft:custom":{"minecraft:time_since_rest":3214,"minecraft:play_time":23525,"minecraft:sprint_one_cm":30230,"minecraft:walk_one_cm":35915,"minecraft:deaths":2,"minecraft:walk_under_water_one_cm":239,"minecraft:drop":4,"minecraft:jump":377,"minecraft:damage_dealt":218,"minecraft:leave_game":3,"minecraft:time_since_death":4464,"minecraft:walk_on_water_one_cm":340,"minecraft:total_world_time":23525,"minecraft:fly_one_cm":92479,"minecraft:player_kills":1,"minecraft:fall_one_cm":11815,"minecraft:damage_taken":761}},"DataVersion":3120}