{"stats":{"minecraft:custom":{"minecraft:interact_with_smithing_table":1,"minecraft:mob_kills":41,"minecraft:interact_with_crafting_table":45,"minecraft:open_barrel":7,"minecraft:eat_cake_slice":4,"minecraft:leave_game":7,"minecraft:time_since_death":6784,"minecraft:climb_one_cm":3959,"minecraft:sprint_one_cm":344534,"minecraft:walk_one_cm":439038,"minecraft:drop":59,"minecraft:talked_to_villager":2,"minecraft:play_time":160146,"minecraft:deaths":21,"minecraft:sneak_time":5220,"minecraft:walk_under_water_one_cm":19166,"minecraft:boat_one_cm":109096,"minecraft:jump":3505,"minecraft:walk_on_water_one_cm":21605,"minecraft:total_world_time":160146,"minecraft:interact_with_furnace":1,"minecraft:sleep_in_bed":8,"minecraft:time_since_rest":4562,"minecraft:damage_taken":7612,"minecraft:damage_dealt":5809,"minecraft:swim_one_cm":26693,"minecraft:fly_one_cm":899790,"minecraft:player_kills":2,"minecraft:open_chest":54,"minecraft:crouch_one_cm":17472,"tombstone:undead_killed":4,"minecraft:fall_one_cm":101760},"minecraft:crafted":{"minecraft:oak_planks":252,"minecraft:cobblestone_slab":18,"minecraft:stone_shovel":11,"comforts:sleeping_bag_white":1,"usefulbackpacks:backpack_small":1,"minecraft:cobblestone_stairs":4,"minecraft:iron_axe":1,"minecraft:stone_pickaxe":3,"minecraft:crafting_table":4,"minecraft:wooden_pickaxe":1,"minecraft:stone_axe":3,"minecraft:stick":52,"quark:oak_chest":2,"minecraft:stone_sword":1,"minecraft:torch":16,"minecraft:shears":1,"toughasnails:empty_canteen":1},"minecraft:killed_by":{"the_silence:the_silence_principal":1,"structuresadventures:chicken_warrior":6,"man:managgresive":1,"alexsmobs:crocodile":1,"structuresadventures:chicken_wizard":3,"minecraft:zombie":1,"eyesinthedark:eyes_in_the_dark":1},"minecraft:used":{"minecraft:stone_sword":213,"minecraft:stone_shovel":1761,"minecraft:oak_sign":1,"minecraft:torch":5,"minecraft:dirt":303,"toughasnails:empty_canteen":5,"biomesoplenty:maple_sapling":1,"minecraft:iron_axe":251,"minecraft:golden_carrot":18,"tombstone:gift":4,"comforts:sleeping_bag_white":8,"minecraft:cobblestone_stairs":5,"minecraft:stone_pickaxe":296,"minecraft:oak_planks":120,"minecraft:wooden_pickaxe":59,"minecraft:cobblestone_slab":32,"toughasnails:water_canteen":29,"farmersdelight:onion":2,"minecraft:sand":1,"minecraft:crafting_table":5,"spartanweaponry:iron_battleaxe":86,"minecraft:oak_log":195,"minecraft:apple":17,"minecraft:string":1,"minecraft:stone_axe":305,"minecraft:cobblestone":5,"quark:oak_chest":2,"alexsmobs:animal_dictionary":2,"minecraft:stripped_oak_log":16},"minecraft:broken":{"toughasnails:water_canteen":4,"minecraft:wooden_pickaxe":1,"minecraft:stone_pickaxe":2,"minecraft:iron_axe":1,"minecraft:stone_axe":2,"minecraft:stone_shovel":11},"minecraft:mined":{"minecraft:mossy_stone_brick_slab":9,"minecraft:cobblestone_stairs":5,"minecraft:granite":18,"minecraft:allium":3,"minecraft:grass_block":1382,"minecraft:coal_block":8,"minecraft:oxeye_daisy":3,"minecraft:chiseled_stone_bricks":6,"minecraft:spawner":1,"comforts:sleeping_bag_white":1,"minecraft:black_stained_glass_pane":2,"farmersdelight:wild_onions":2,"minecraft:tall_seagrass":1,"minecraft:iron_ore":6,"biomesoplenty:violet":1,"treechop:chopped_log":20,"minecraft:azure_bluet":1,"minecraft:bookshelf":33,"minecraft:deepslate_iron_ore":4,"minecraft:cobblestone_slab":10,"minecraft:stripped_oak_log":16,"biomesoplenty:barley":4,"minecraft:stone":208,"minecraft:tripwire":1,"minecraft:stone_brick_slab":13,"minecraft:dandelion":12,"minecraft:crafting_table":1,"minecraft:cornflower":2,"minecraft:poppy":1,"minecraft:chest":1,"minecraft:lectern":1,"minecraft:tall_grass":53,"minecraft:cobblestone":3,"minecraft:sugar_cane":7,"minecraft:oak_planks":113,"minecraft:wall_torch":1,"minecraft:cobblestone_wall":15,"minecraft:spruce_log":9,"minecraft:stone_brick_stairs":16,"minecraft:grass":398,"biomesoplenty:clover":1,"minecraft:oak_log":357,"minecraft:coal_ore":10,"minecraft:sand":1,"minecraft:dirt":80,"minecraft:cobweb":1,"minecraft:cracked_stone_bricks":4,"minecraft:stone_bricks":8,"minecraft:mossy_stone_bricks":4,"minecraft:fern":37,"paraglider:goddess_statue":1},"minecraft:picked_up":{"minecraft:crafting_table":1,"minecraft:allium":10,"minecraft:azure_bluet":3,"minecraft:chicken":3,"minecraft:anvil":1,"biomesoplenty:violet":3,"minecraft:stone_brick_stairs":2,"tombstone:grave_key":1,"minecraft:cornflower":2,"paraglider:goddess_statue":1,"minecraft:string":3,"minecraft:oak_sign":2,"minecraft:candle":1,"comforts:sleeping_bag_white":9,"minecraft:beef":22,"minecraft:cobblestone_slab":14,"minecraft:iron_nugget":2,"minecraft:poppy":2,"minecraft:light_gray_wool":1,"minecraft:lectern":1,"minecraft:coal_block":8,"minecraft:sugar_cane":16,"minecraft:stick":10,"minecraft:raw_iron":16,"minecraft:torch":5,"minecraft:porkchop":3,"tombstone:grave_dust":2,"tconstruct:sky_slime_ball":5,"minecraft:rotten_flesh":6,"farmersdelight:onion":2,"minecraft:gold_ingot":4,"minecraft:mutton":16,"minecraft:white_wool":14,"minecraft:cobblestone":98,"minecraft:oxeye_daisy":3,"minecraft:stripped_oak_log":16,"minecraft:feather":1,"minecraft:golden_carrot":8,"minecraft:leather":13,"paraglider:spirit_orb":2,"minecraft:oak_log":379,"minecraft:cobblestone_wall":4,"minecraft:cobblestone_stairs":5,"minecraft:dirt":1518,"minecraft:lantern":4,"man:cassette_1safetyinstructions":1,"minecraft:apple":10,"minecraft:stone_bricks":4,"minecraft:kelp":10,"minecraft:wheat_seeds":52,"minecraft:stone_pickaxe":1,"minecraft:iron_ingot":4,"minecraft:oak_planks":137,"minecraft:book":95,"spartanweaponry:simple_handle":2,"minecraft:stone_brick_slab":2,"minecraft:dandelion":16,"minecraft:sand":1,"minecraft:spruce_log":10,"minecraft:spider_eye":2,"biomesoplenty:maple_sapling":6,"minecraft:granite":18,"minecraft:emerald":1,"minecraft:oak_sapling":3,"minecraft:coal":10,"minecraft:ender_pearl":2},"minecraft:dropped":{"minecraft:candle":1,"minecraft:wheat_seeds":17,"biomesoplenty:maple_sapling":5,"minecraft:cobblestone":36,"man:cassette_1safetyinstructions":1,"minecraft:apple":6,"minecraft:granite":18,"minecraft:stick":3,"biomesoplenty:violet":3,"minecraft:dirt":64,"tombstone:grave_key":2,"minecraft:stone_brick_slab":2,"minecraft:dandelion":8,"minecraft:cobblestone_wall":4,"minecraft:raw_iron":6,"minecraft:rotten_flesh":6,"minecraft:light_gray_wool":1,"minecraft:oak_planks":25,"minecraft:azure_bluet":1,"minecraft:oak_sign":1,"minecraft:allium":1,"minecraft:stone_bricks":4,"minecraft:spider_eye":2,"comforts:sleeping_bag_white":1,"minecraft:stone_pickaxe":1,"minecraft:stone_brick_stairs":2},"minecraft:killed":{"eyesinthedark:eyes_in_the_dark":1,"minecraft:spider":1,"tconstruct:sky_slime":8,"minecraft:skeleton":1,"minecraft:pig":1,"sleep_killer:sleep_killer":1,"minecraft:sheep":8,"minecraft:zombie":3,"structuresadventures:chicken_warrior":5,"minecraft:cow":9}},"DataVersion":3120}