{"stats":{"minecraft:custom":{"minecraft:mob_kills":34,"minecraft:interact_with_crafting_table":7,"minecraft:open_barrel":3,"minecraft:leave_game":2,"minecraft:time_since_death":30,"minecraft:sleep_in_bed":1,"minecraft:climb_one_cm":532,"minecraft:time_since_rest":1,"minecraft:sprint_one_cm":60259,"minecraft:damage_taken":3475,"minecraft:walk_one_cm":126648,"minecraft:drop":22,"minecraft:damage_dealt":4061,"minecraft:swim_one_cm":13933,"minecraft:fly_one_cm":253107,"minecraft:player_kills":2,"minecraft:open_chest":2,"minecraft:crouch_one_cm":4759,"minecraft:play_time":38781,"tombstone:undead_killed":3,"minecraft:deaths":8,"minecraft:sneak_time":2054,"minecraft:walk_under_water_one_cm":11827,"minecraft:boat_one_cm":109096,"minecraft:jump":807,"minecraft:walk_on_water_one_cm":6262,"minecraft:total_world_time":38781,"minecraft:fall_one_cm":32068},"minecraft:crafted":{"minecraft:oak_planks":16,"minecraft:crafting_table":2,"comforts:sleeping_bag_white":1,"minecraft:wooden_pickaxe":1,"usefulbackpacks:backpack_small":1,"minecraft:stick":4,"minecraft:stone_pickaxe":1,"minecraft:stone_sword":1,"toughasnails:empty_canteen":1},"minecraft:killed_by":{"eyesinthedark:eyes_in_the_dark":1,"structuresadventures:chicken_warrior":2},"minecraft:used":{"minecraft:stone_sword":140,"minecraft:stone_pickaxe":31,"minecraft:oak_sign":1,"minecraft:wooden_pickaxe":20,"toughasnails:water_canteen":2,"minecraft:sand":1,"minecraft:crafting_table":3,"toughasnails:empty_canteen":1,"biomesoplenty:maple_sapling":1,"minecraft:apple":3,"minecraft:golden_carrot":6,"alexsmobs:animal_dictionary":2,"comforts:sleeping_bag_white":1},"minecraft:mined":{"minecraft:dandelion":1,"minecraft:crafting_table":1,"minecraft:tall_grass":24,"minecraft:sugar_cane":7,"minecraft:tall_seagrass":1,"minecraft:black_stained_glass_pane":2,"minecraft:iron_ore":6,"biomesoplenty:violet":1,"minecraft:grass":50,"biomesoplenty:clover":1,"minecraft:oak_log":124,"minecraft:coal_ore":10,"minecraft:sand":1,"minecraft:stone":34,"minecraft:fern":37},"minecraft:picked_up":{"minecraft:crafting_table":1,"minecraft:golden_carrot":8,"minecraft:leather":11,"biomesoplenty:violet":3,"minecraft:oak_log":124,"minecraft:string":1,"minecraft:oak_sign":2,"minecraft:apple":3,"minecraft:kelp":10,"minecraft:wheat_seeds":11,"comforts:sleeping_bag_white":2,"minecraft:beef":20,"minecraft:iron_nugget":2,"minecraft:light_gray_wool":1,"minecraft:sugar_cane":16,"minecraft:oak_planks":18,"minecraft:raw_iron":6,"minecraft:stick":4,"minecraft:dandelion":3,"minecraft:porkchop":3,"minecraft:sand":1,"tombstone:grave_dust":2,"minecraft:spider_eye":2,"biomesoplenty:maple_sapling":6,"tconstruct:sky_slime_ball":5,"minecraft:rotten_flesh":3,"minecraft:coal":10,"minecraft:mutton":16,"minecraft:white_wool":8,"minecraft:cobblestone":37},"minecraft:dropped":{"minecraft:wheat_seeds":11,"biomesoplenty:maple_sapling":3,"minecraft:oak_planks":15,"minecraft:oak_sign":1,"biomesoplenty:violet":3,"comforts:sleeping_bag_white":1,"minecraft:dandelion":3},"minecraft:killed":{"minecraft:pig":1,"eyesinthedark:eyes_in_the_dark":1,"sleep_killer:sleep_killer":1,"minecraft:spider":1,"tconstruct:sky_slime":8,"minecraft:sheep":8,"minecraft:skeleton":1,"minecraft:zombie":2,"minecraft:cow":8}},"DataVersion":3120}