{"stats":{"minecraft:custom":{"minecraft:interact_with_smithing_table":1,"minecraft:mob_kills":50,"minecraft:interact_with_crafting_table":91,"minecraft:open_barrel":7,"minecraft:eat_cake_slice":4,"minecraft:leave_game":9,"minecraft:time_since_death":19531,"minecraft:climb_one_cm":3959,"minecraft:sprint_one_cm":757027,"minecraft:walk_one_cm":869459,"minecraft:drop":76,"minecraft:talked_to_villager":3,"minecraft:play_time":269635,"minecraft:sneak_time":9345,"minecraft:deaths":27,"minecraft:walk_under_water_one_cm":34878,"minecraft:boat_one_cm":109096,"minecraft:jump":5111,"minecraft:walk_on_water_one_cm":42792,"minecraft:total_world_time":269635,"minecraft:interact_with_furnace":15,"minecraft:sleep_in_bed":15,"minecraft:time_since_rest":4755,"minecraft:damage_taken":9467,"minecraft:damage_dealt":12448,"minecraft:swim_one_cm":39450,"minecraft:fly_one_cm":1296118,"minecraft:player_kills":2,"minecraft:open_chest":84,"minecraft:crouch_one_cm":27712,"tombstone:undead_killed":6,"tombstone:villager_killed":1,"minecraft:fall_one_cm":129024},"minecraft:crafted":{"minecraft:oak_door":3,"minecraft:oak_planks":640,"minecraft:stone_shovel":13,"minecraft:cobblestone_slab":114,"minecraft:barrel":1,"comforts:sleeping_bag_white":1,"usefulbackpacks:backpack_small":1,"minecraft:furnace":2,"minecraft:cobblestone_stairs":4,"paraglider:deku_leaf":1,"minecraft:glass_pane":96,"minecraft:glass":64,"minecraft:iron_axe":2,"minecraft:spruce_slab":6,"minecraft:stone_pickaxe":4,"minecraft:cobblestone_wall":6,"quark:spruce_chest":4,"paraglider:paraglider":1,"minecraft:oak_slab":150,"toughasnails:rain_collector":1,"minecraft:crafting_table":6,"minecraft:spruce_planks":40,"minecraft:wooden_pickaxe":1,"minecraft:stone_axe":5,"minecraft:air":0,"minecraft:charcoal":1,"toughasnails:water_purifier":1,"minecraft:stick":60,"quark:oak_chest":3,"minecraft:oak_stairs":84,"minecraft:stone_sword":1,"minecraft:torch":16,"minecraft:shears":1,"toughasnails:empty_canteen":1},"minecraft:killed_by":{"the_silence:the_silence_principal":5,"structuresadventures:chicken_warrior":6,"man:managgresive":1,"alexsmobs:crocodile":1,"structuresadventures:chicken_wizard":3,"minecraft:zombie":2,"eyesinthedark:eyes_in_the_dark":1},"minecraft:used":{"minecraft:stone_sword":213,"toughasnails:water_purifier":1,"minecraft:stone_shovel":1991,"minecraft:oak_sign":1,"minecraft:spruce_planks":11,"minecraft:oak_door":1,"minecraft:torch":16,"minecraft:dirt":316,"toughasnails:empty_canteen":9,"minecraft:cobblestone_wall":4,"biomesoplenty:maple_sapling":1,"quark:spruce_chest":4,"minecraft:lantern":3,"minecraft:iron_axe":411,"minecraft:oak_stairs":99,"minecraft:golden_carrot":28,"minecraft:furnace":3,"tombstone:gift":5,"comforts:sleeping_bag_white":18,"minecraft:cobblestone_stairs":9,"minecraft:stone_pickaxe":412,"minecraft:oak_planks":498,"minecraft:ender_pearl":1,"minecraft:wooden_pickaxe":59,"minecraft:sugar_cane":17,"minecraft:cobblestone_slab":100,"toughasnails:water_canteen":45,"farmersdelight:onion":2,"minecraft:sand":1,"minecraft:oak_slab":51,"minecraft:crafting_table":8,"toughasnails:rain_collector":1,"minecraft:shears":4,"spartanweaponry:iron_battleaxe":139,"minecraft:oak_log":342,"minecraft:apple":21,"minecraft:bread":3,"minecraft:string":1,"minecraft:stone_axe":718,"minecraft:cobblestone":5,"toughasnails:purified_water_canteen":7,"minecraft:glass_pane":81,"quark:oak_chest":2,"alexsmobs:animal_dictionary":2,"minecraft:stripped_oak_log":56},"minecraft:broken":{"toughasnails:water_canteen":7,"minecraft:wooden_pickaxe":1,"minecraft:stone_pickaxe":3,"spartanweaponry:iron_battleaxe":1,"minecraft:iron_axe":1,"minecraft:stone_axe":5,"toughasnails:purified_water_canteen":1,"minecraft:stone_shovel":12},"minecraft:mined":{"minecraft:spruce_planks":11,"minecraft:mossy_stone_brick_slab":9,"minecraft:cobblestone_stairs":5,"minecraft:granite":18,"minecraft:allium":3,"minecraft:grass_block":1541,"minecraft:coal_block":8,"minecraft:spruce_leaves":4,"minecraft:oxeye_daisy":3,"minecraft:chiseled_stone_bricks":6,"minecraft:spawner":1,"comforts:sleeping_bag_white":4,"minecraft:tall_seagrass":1,"farmersdelight:wild_onions":2,"minecraft:black_stained_glass_pane":2,"minecraft:furnace":1,"minecraft:iron_ore":6,"biomesoplenty:violet":4,"treechop:chopped_log":44,"minecraft:azure_bluet":1,"minecraft:bookshelf":33,"minecraft:deepslate_iron_ore":4,"minecraft:oak_sign":1,"minecraft:cobblestone_slab":24,"minecraft:oak_stairs":22,"minecraft:lantern":3,"minecraft:stripped_oak_log":60,"biomesoplenty:barley":4,"minecraft:stone":299,"minecraft:tripwire":1,"minecraft:glass_pane":1,"minecraft:stone_brick_slab":13,"minecraft:dandelion":12,"minecraft:crafting_table":2,"minecraft:cornflower":2,"minecraft:poppy":3,"minecraft:chest":1,"minecraft:lectern":1,"minecraft:tall_grass":73,"minecraft:cobblestone":3,"minecraft:oak_planks":161,"minecraft:sugar_cane":10,"minecraft:wall_torch":2,"minecraft:cobblestone_wall":15,"minecraft:spruce_log":12,"minecraft:stone_brick_stairs":16,"minecraft:grass":481,"biomesoplenty:clover":1,"minecraft:oak_log":450,"minecraft:coal_ore":10,"minecraft:sand":66,"minecraft:dirt":86,"minecraft:cobweb":1,"minecraft:cracked_stone_bricks":4,"minecraft:stone_bricks":8,"minecraft:mossy_stone_bricks":4,"minecraft:oak_leaves":6,"minecraft:fern":58,"paraglider:goddess_statue":1},"minecraft:picked_up":{"minecraft:crafting_table":3,"minecraft:allium":10,"minecraft:azure_bluet":5,"minecraft:chicken":3,"minecraft:anvil":1,"minecraft:lead":2,"minecraft:oak_stairs":22,"biomesoplenty:violet":6,"minecraft:stone_brick_stairs":2,"tombstone:grave_key":1,"minecraft:cornflower":2,"paraglider:goddess_statue":1,"minecraft:string":5,"minecraft:oak_sign":3,"minecraft:candle":1,"comforts:sleeping_bag_white":19,"minecraft:spruce_planks":11,"minecraft:beef":22,"minecraft:cobblestone_slab":31,"minecraft:iron_nugget":2,"minecraft:poppy":4,"minecraft:light_gray_wool":1,"minecraft:lectern":1,"minecraft:coal_block":8,"minecraft:sugar_cane":30,"minecraft:furnace":1,"minecraft:stick":24,"minecraft:raw_iron":16,"minecraft:torch":6,"minecraft:porkchop":3,"tombstone:grave_dust":2,"tconstruct:sky_slime_ball":5,"minecraft:rotten_flesh":6,"farmersdelight:onion":2,"minecraft:gold_ingot":4,"minecraft:mutton":16,"minecraft:white_wool":14,"minecraft:cobblestone":189,"minecraft:oxeye_daisy":3,"minecraft:stripped_oak_log":60,"minecraft:feather":1,"minecraft:golden_carrot":8,"minecraft:leather":13,"paraglider:spirit_orb":2,"minecraft:oak_log":558,"minecraft:cobblestone_wall":4,"minecraft:cobblestone_stairs":5,"minecraft:dirt":1683,"minecraft:lantern":7,"man:cassette_1safetyinstructions":1,"minecraft:glass":1,"minecraft:apple":13,"minecraft:stone_bricks":4,"minecraft:kelp":10,"minecraft:wheat_seeds":74,"minecraft:stone_pickaxe":1,"minecraft:iron_ingot":4,"minecraft:oak_planks":185,"minecraft:book":95,"spartanweaponry:simple_handle":2,"minecraft:stone_brick_slab":2,"minecraft:dandelion":16,"minecraft:sand":66,"minecraft:spruce_sapling":4,"minecraft:spruce_log":27,"minecraft:spider_eye":2,"biomesoplenty:maple_sapling":14,"minecraft:granite":18,"minecraft:emerald":1,"minecraft:oak_sapling":31,"minecraft:oak_leaves":3,"minecraft:coal":10,"minecraft:ender_pearl":2},"minecraft:dropped":{"minecraft:candle":1,"minecraft:wheat_seeds":28,"minecraft:crafting_table":1,"biomesoplenty:maple_sapling":11,"minecraft:cobblestone":36,"man:cassette_1safetyinstructions":1,"minecraft:apple":6,"minecraft:granite":18,"minecraft:stick":3,"biomesoplenty:violet":3,"minecraft:dirt":64,"tombstone:grave_key":2,"minecraft:spruce_sapling":4,"minecraft:dandelion":8,"minecraft:stone_brick_slab":2,"minecraft:sugar_cane":13,"minecraft:cobblestone_wall":4,"minecraft:raw_iron":6,"minecraft:rotten_flesh":6,"minecraft:light_gray_wool":1,"minecraft:oak_planks":25,"minecraft:azure_bluet":5,"minecraft:oak_sign":1,"minecraft:glass_pane":15,"minecraft:allium":1,"minecraft:spider_eye":2,"minecraft:stone_bricks":4,"comforts:sleeping_bag_white":1,"minecraft:spruce_log":17,"minecraft:stone_pickaxe":1,"minecraft:glass":2,"minecraft:stone_brick_stairs":2},"minecraft:killed":{"eyesinthedark:eyes_in_the_dark":1,"minecraft:spider":2,"tconstruct:sky_slime":8,"minecraft:skeleton":2,"minecraft:pig":1,"sleep_killer:sleep_killer":1,"man:managgresive":1,"minecraft:wandering_trader":1,"minecraft:sheep":8,"minecraft:trader_llama":2,"minecraft:zombie":4,"structuresadventures:chicken_warrior":5,"minecraft:cow":9}},"DataVersion":3120}