{"stats":{"minecraft:custom":{"minecraft:interact_with_furnace":1,"minecraft:mob_kills":40,"minecraft:interact_with_crafting_table":11,"minecraft:open_barrel":6,"minecraft:leave_game":3,"minecraft:time_since_death":11734,"minecraft:sleep_in_bed":3,"minecraft:climb_one_cm":2369,"minecraft:time_since_rest":2354,"minecraft:sprint_one_cm":189677,"minecraft:damage_taken":6426,"minecraft:walk_one_cm":207377,"minecraft:drop":50,"minecraft:damage_dealt":5678,"minecraft:swim_one_cm":17136,"minecraft:talked_to_villager":2,"minecraft:fly_one_cm":567244,"minecraft:player_kills":2,"minecraft:open_chest":25,"minecraft:crouch_one_cm":5119,"minecraft:play_time":76227,"tombstone:undead_killed":4,"minecraft:deaths":17,"minecraft:sneak_time":2252,"minecraft:walk_under_water_one_cm":15786,"minecraft:boat_one_cm":109096,"minecraft:jump":1931,"minecraft:walk_on_water_one_cm":10363,"minecraft:total_world_time":76227,"minecraft:fall_one_cm":64574},"minecraft:crafted":{"minecraft:oak_planks":40,"minecraft:crafting_table":4,"comforts:sleeping_bag_white":1,"minecraft:wooden_pickaxe":1,"usefulbackpacks:backpack_small":1,"minecraft:stick":16,"minecraft:stone_pickaxe":2,"minecraft:stone_sword":1,"minecraft:torch":16,"minecraft:shears":1,"toughasnails:empty_canteen":1},"minecraft:killed_by":{"man:managgresive":1,"alexsmobs:crocodile":1,"structuresadventures:chicken_wizard":3,"eyesinthedark:eyes_in_the_dark":1,"structuresadventures:chicken_warrior":6},"minecraft:used":{"minecraft:stone_sword":213,"minecraft:stone_pickaxe":267,"minecraft:oak_planks":7,"minecraft:oak_sign":1,"minecraft:wooden_pickaxe":59,"toughasnails:water_canteen":9,"minecraft:torch":3,"minecraft:dirt":1,"minecraft:sand":1,"minecraft:crafting_table":5,"toughasnails:empty_canteen":1,"biomesoplenty:maple_sapling":1,"spartanweaponry:iron_battleaxe":42,"minecraft:apple":11,"minecraft:cobblestone":2,"minecraft:golden_carrot":6,"tombstone:gift":4,"alexsmobs:animal_dictionary":2,"comforts:sleeping_bag_white":2},"minecraft:mined":{"minecraft:mossy_stone_brick_slab":8,"minecraft:stone_brick_slab":10,"minecraft:dandelion":1,"minecraft:crafting_table":1,"minecraft:granite":18,"minecraft:grass_block":2,"minecraft:lectern":1,"minecraft:coal_block":8,"minecraft:tall_grass":44,"minecraft:sugar_cane":7,"minecraft:chiseled_stone_bricks":4,"minecraft:spawner":1,"minecraft:tall_seagrass":1,"minecraft:black_stained_glass_pane":2,"minecraft:cobblestone_wall":15,"minecraft:iron_ore":6,"biomesoplenty:violet":1,"minecraft:stone_brick_stairs":16,"minecraft:bookshelf":33,"minecraft:grass":100,"biomesoplenty:clover":1,"minecraft:oak_log":124,"minecraft:coal_ore":10,"minecraft:sand":1,"minecraft:cobweb":1,"biomesoplenty:barley":4,"minecraft:cracked_stone_bricks":4,"minecraft:stone_bricks":8,"minecraft:stone":208,"minecraft:mossy_stone_bricks":3,"paraglider:goddess_statue":1,"minecraft:fern":37},"minecraft:broken":{"minecraft:stone_pickaxe":2,"minecraft:wooden_pickaxe":1},"minecraft:picked_up":{"minecraft:crafting_table":1,"minecraft:feather":1,"minecraft:chicken":3,"minecraft:golden_carrot":8,"minecraft:leather":11,"biomesoplenty:violet":3,"paraglider:spirit_orb":2,"minecraft:stone_brick_stairs":2,"minecraft:oak_log":124,"tombstone:grave_key":1,"minecraft:cobblestone_wall":4,"paraglider:goddess_statue":1,"minecraft:dirt":2,"minecraft:string":1,"minecraft:lantern":4,"minecraft:oak_sign":2,"minecraft:apple":9,"minecraft:stone_bricks":4,"minecraft:kelp":10,"minecraft:wheat_seeds":17,"comforts:sleeping_bag_white":3,"minecraft:iron_ingot":4,"minecraft:beef":20,"minecraft:stone_pickaxe":1,"minecraft:iron_nugget":2,"minecraft:light_gray_wool":1,"minecraft:lectern":1,"minecraft:coal_block":8,"minecraft:sugar_cane":16,"minecraft:oak_planks":18,"minecraft:book":95,"minecraft:raw_iron":12,"minecraft:stick":4,"minecraft:stone_brick_slab":2,"minecraft:torch":3,"minecraft:dandelion":3,"minecraft:porkchop":3,"minecraft:sand":1,"tombstone:grave_dust":2,"minecraft:spider_eye":2,"biomesoplenty:maple_sapling":6,"tconstruct:sky_slime_ball":5,"minecraft:rotten_flesh":6,"minecraft:granite":18,"minecraft:emerald":1,"minecraft:gold_ingot":4,"minecraft:coal":10,"minecraft:mutton":16,"minecraft:white_wool":14,"minecraft:cobblestone":72,"minecraft:ender_pearl":2},"minecraft:dropped":{"minecraft:wheat_seeds":17,"minecraft:cobblestone_wall":4,"minecraft:raw_iron":6,"biomesoplenty:maple_sapling":5,"minecraft:rotten_flesh":6,"minecraft:cobblestone":36,"minecraft:light_gray_wool":1,"minecraft:oak_planks":21,"minecraft:apple":6,"minecraft:granite":18,"minecraft:oak_sign":1,"minecraft:stick":2,"biomesoplenty:violet":3,"tombstone:grave_key":2,"minecraft:stone_bricks":4,"minecraft:spider_eye":2,"comforts:sleeping_bag_white":1,"minecraft:stone_pickaxe":1,"minecraft:stone_brick_stairs":2,"minecraft:stone_brick_slab":2,"minecraft:dandelion":3},"minecraft:killed":{"minecraft:pig":1,"eyesinthedark:eyes_in_the_dark":1,"sleep_killer:sleep_killer":1,"minecraft:spider":1,"tconstruct:sky_slime":8,"minecraft:sheep":8,"minecraft:skeleton":1,"minecraft:zombie":3,"structuresadventures:chicken_warrior":5,"minecraft:cow":8}},"DataVersion":3120}