{"stats":{"minecraft:custom":{"minecraft:interact_with_furnace":1,"minecraft:mob_kills":39,"minecraft:interact_with_crafting_table":7,"minecraft:open_barrel":3,"minecraft:leave_game":2,"minecraft:time_since_death":280,"minecraft:sleep_in_bed":1,"minecraft:climb_one_cm":2369,"minecraft:time_since_rest":44,"minecraft:sprint_one_cm":129517,"minecraft:damage_taken":5636,"minecraft:walk_one_cm":157300,"minecraft:drop":26,"minecraft:damage_dealt":5382,"minecraft:swim_one_cm":13933,"minecraft:talked_to_villager":2,"minecraft:fly_one_cm":313046,"minecraft:player_kills":2,"minecraft:open_chest":13,"minecraft:crouch_one_cm":4762,"minecraft:play_time":50781,"tombstone:undead_killed":3,"minecraft:deaths":14,"minecraft:sneak_time":2078,"minecraft:walk_under_water_one_cm":11827,"minecraft:boat_one_cm":109096,"minecraft:jump":1056,"minecraft:walk_on_water_one_cm":6262,"minecraft:total_world_time":50781,"minecraft:fall_one_cm":35943},"minecraft:crafted":{"minecraft:oak_planks":20,"minecraft:crafting_table":2,"comforts:sleeping_bag_white":1,"minecraft:wooden_pickaxe":1,"usefulbackpacks:backpack_small":1,"minecraft:stick":4,"minecraft:stone_pickaxe":1,"minecraft:stone_sword":1,"toughasnails:empty_canteen":1},"minecraft:killed_by":{"structuresadventures:chicken_wizard":3,"eyesinthedark:eyes_in_the_dark":1,"structuresadventures:chicken_warrior":5},"minecraft:used":{"minecraft:stone_sword":171,"minecraft:stone_pickaxe":31,"minecraft:oak_planks":7,"minecraft:oak_sign":1,"minecraft:wooden_pickaxe":28,"toughasnails:water_canteen":3,"minecraft:sand":1,"minecraft:crafting_table":3,"toughasnails:empty_canteen":1,"biomesoplenty:maple_sapling":1,"spartanweaponry:iron_battleaxe":39,"minecraft:apple":4,"minecraft:cobblestone":1,"minecraft:golden_carrot":6,"tombstone:gift":2,"alexsmobs:animal_dictionary":2,"comforts:sleeping_bag_white":1},"minecraft:mined":{"minecraft:dandelion":1,"minecraft:crafting_table":1,"minecraft:grass_block":1,"minecraft:lectern":1,"minecraft:coal_block":8,"minecraft:tall_grass":24,"minecraft:sugar_cane":7,"minecraft:tall_seagrass":1,"minecraft:black_stained_glass_pane":2,"minecraft:iron_ore":6,"biomesoplenty:violet":1,"minecraft:bookshelf":33,"minecraft:grass":50,"biomesoplenty:clover":1,"minecraft:oak_log":124,"minecraft:coal_ore":10,"minecraft:sand":1,"minecraft:cobweb":1,"minecraft:stone":34,"minecraft:fern":37},"minecraft:picked_up":{"minecraft:crafting_table":1,"minecraft:feather":1,"minecraft:chicken":3,"minecraft:golden_carrot":8,"minecraft:leather":11,"biomesoplenty:violet":3,"minecraft:oak_log":124,"tombstone:grave_key":1,"minecraft:dirt":1,"minecraft:string":1,"minecraft:lantern":4,"minecraft:oak_sign":2,"minecraft:apple":3,"minecraft:kelp":10,"minecraft:wheat_seeds":11,"comforts:sleeping_bag_white":2,"minecraft:iron_ingot":2,"minecraft:beef":20,"minecraft:iron_nugget":2,"minecraft:light_gray_wool":1,"minecraft:lectern":1,"minecraft:coal_block":8,"minecraft:sugar_cane":16,"minecraft:oak_planks":18,"minecraft:book":95,"minecraft:raw_iron":6,"minecraft:stick":4,"minecraft:dandelion":3,"minecraft:porkchop":3,"minecraft:sand":1,"tombstone:grave_dust":2,"minecraft:spider_eye":2,"biomesoplenty:maple_sapling":6,"tconstruct:sky_slime_ball":5,"minecraft:rotten_flesh":3,"minecraft:gold_ingot":2,"minecraft:coal":10,"minecraft:mutton":16,"minecraft:white_wool":8,"minecraft:cobblestone":37,"minecraft:ender_pearl":2},"minecraft:dropped":{"minecraft:wheat_seeds":11,"biomesoplenty:maple_sapling":5,"minecraft:light_gray_wool":1,"minecraft:oak_planks":15,"minecraft:oak_sign":1,"biomesoplenty:violet":3,"tombstone:grave_key":2,"comforts:sleeping_bag_white":1,"minecraft:dandelion":3},"minecraft:killed":{"minecraft:pig":1,"eyesinthedark:eyes_in_the_dark":1,"sleep_killer:sleep_killer":1,"minecraft:spider":1,"tconstruct:sky_slime":8,"minecraft:sheep":8,"minecraft:skeleton":1,"minecraft:zombie":2,"structuresadventures:chicken_warrior":5,"minecraft:cow":8}},"DataVersion":3120}