{"stats":{"minecraft:custom":{"minecraft:interact_with_smithing_table":1,"minecraft:mob_kills":50,"minecraft:interact_with_crafting_table":106,"minecraft:open_barrel":7,"minecraft:eat_cake_slice":4,"minecraft:leave_game":9,"minecraft:time_since_death":28267,"minecraft:climb_one_cm":3959,"minecraft:sprint_one_cm":847388,"minecraft:walk_one_cm":979744,"minecraft:drop":76,"minecraft:talked_to_villager":3,"minecraft:play_time":305635,"minecraft:sneak_time":11603,"minecraft:deaths":28,"minecraft:walk_under_water_one_cm":35528,"minecraft:boat_one_cm":109096,"minecraft:jump":5349,"minecraft:walk_on_water_one_cm":51719,"minecraft:total_world_time":305635,"minecraft:interact_with_furnace":19,"minecraft:sleep_in_bed":17,"minecraft:time_since_rest":13576,"minecraft:damage_taken":9772,"minecraft:damage_dealt":13276,"minecraft:swim_one_cm":39963,"minecraft:fly_one_cm":1332394,"minecraft:player_kills":2,"minecraft:open_chest":103,"minecraft:crouch_one_cm":31926,"tombstone:undead_killed":6,"tombstone:villager_killed":1,"minecraft:fall_one_cm":129570},"minecraft:crafted":{"minecraft:oak_door":3,"minecraft:oak_planks":852,"minecraft:stone_shovel":13,"minecraft:cobblestone_slab":114,"minecraft:barrel":1,"minecraft:iron_nugget":9,"comforts:sleeping_bag_white":1,"usefulbackpacks:backpack_small":1,"minecraft:furnace":2,"corail_recycler:steel_disk":2,"minecraft:cobblestone_stairs":4,"paraglider:deku_leaf":1,"minecraft:cooked_mutton":16,"minecraft:glass_pane":96,"minecraft:glass":64,"minecraft:iron_axe":2,"minecraft:spruce_slab":6,"minecraft:stone_pickaxe":5,"minecraft:cobblestone_wall":6,"corail_recycler:recycler":1,"quark:spruce_chest":4,"paraglider:paraglider":1,"minecraft:oak_slab":150,"toughasnails:rain_collector":1,"minecraft:crafting_table":6,"minecraft:spruce_planks":40,"minecraft:wooden_pickaxe":1,"minecraft:stone_axe":5,"minecraft:air":0,"minecraft:charcoal":11,"toughasnails:water_purifier":1,"minecraft:stick":60,"quark:oak_chest":3,"minecraft:iron_pickaxe":3,"minecraft:oak_stairs":116,"minecraft:stone_sword":1,"minecraft:torch":16,"minecraft:shears":1,"toughasnails:empty_canteen":1},"minecraft:killed_by":{"the_silence:the_silence_principal":6,"structuresadventures:chicken_warrior":6,"man:managgresive":1,"alexsmobs:crocodile":1,"structuresadventures:chicken_wizard":3,"minecraft:zombie":2,"eyesinthedark:eyes_in_the_dark":1},"minecraft:used":{"minecraft:stone_sword":213,"toughasnails:water_purifier":1,"minecraft:stone_shovel":2023,"minecraft:oak_sign":1,"minecraft:spruce_planks":11,"minecraft:oak_door":1,"minecraft:torch":21,"minecraft:dirt":316,"toughasnails:empty_canteen":9,"minecraft:cobblestone_wall":4,"minecraft:tuff":3,"biomesoplenty:maple_sapling":1,"quark:spruce_chest":4,"minecraft:lantern":3,"minecraft:iron_axe":411,"minecraft:oak_stairs":138,"create:scoria":6,"minecraft:golden_carrot":28,"minecraft:furnace":3,"tombstone:gift":5,"comforts:sleeping_bag_white":20,"minecraft:cooked_mutton":5,"minecraft:cobblestone_stairs":9,"minecraft:stone_pickaxe":530,"minecraft:oak_planks":810,"minecraft:ender_pearl":1,"minecraft:wooden_pickaxe":59,"minecraft:sugar_cane":17,"minecraft:cobblestone_slab":100,"toughasnails:water_canteen":45,"farmersdelight:onion":2,"minecraft:sand":1,"minecraft:oak_slab":51,"minecraft:crafting_table":8,"corail_recycler:recycler":1,"toughasnails:rain_collector":1,"minecraft:sponge":7,"minecraft:shears":4,"spartanweaponry:iron_battleaxe":139,"minecraft:oak_log":342,"minecraft:apple":21,"minecraft:bread":3,"minecraft:iron_pickaxe":750,"minecraft:string":1,"upgradednetherite:echo_upgraded_netherite_sword":17,"minecraft:stone_axe":718,"minecraft:cobblestone":8,"toughasnails:purified_water_canteen":10,"minecraft:glass_pane":81,"quark:oak_chest":2,"alexsmobs:animal_dictionary":2,"minecraft:stripped_oak_log":56},"minecraft:broken":{"toughasnails:water_canteen":7,"minecraft:wooden_pickaxe":1,"minecraft:stone_pickaxe":4,"spartanweaponry:iron_battleaxe":1,"minecraft:iron_axe":1,"minecraft:stone_axe":5,"minecraft:iron_pickaxe":3,"toughasnails:purified_water_canteen":2,"minecraft:stone_shovel":13},"minecraft:mined":{"minecraft:tuff":119,"minecraft:spruce_planks":11,"minecraft:mossy_stone_brick_slab":9,"minecraft:cobblestone_stairs":5,"minecraft:granite":40,"minecraft:allium":3,"minecraft:grass_block":1541,"minecraft:coal_block":8,"minecraft:spruce_leaves":4,"minecraft:oxeye_daisy":3,"minecraft:chiseled_stone_bricks":6,"minecraft:spawner":1,"comforts:sleeping_bag_white":4,"minecraft:tall_seagrass":1,"farmersdelight:wild_onions":2,"minecraft:black_stained_glass_pane":2,"minecraft:magma_block":2,"minecraft:furnace":1,"minecraft:iron_ore":6,"biomesoplenty:violet":4,"minecraft:andesite":119,"treechop:chopped_log":44,"minecraft:azure_bluet":1,"minecraft:bookshelf":33,"minecraft:deepslate_iron_ore":4,"minecraft:oak_sign":1,"minecraft:cobblestone_slab":24,"minecraft:oak_stairs":22,"minecraft:lantern":3,"minecraft:stripped_oak_log":60,"biomesoplenty:barley":4,"minecraft:stone":635,"minecraft:tripwire":1,"minecraft:glass_pane":1,"minecraft:stone_brick_slab":13,"minecraft:dandelion":12,"minecraft:crafting_table":2,"minecraft:cornflower":2,"minecraft:poppy":3,"create:scoria":146,"minecraft:chest":1,"minecraft:lectern":1,"minecraft:copper_ore":11,"minecraft:tall_grass":73,"minecraft:cobblestone":6,"minecraft:oak_planks":164,"minecraft:sugar_cane":10,"minecraft:diorite":88,"minecraft:wall_torch":2,"minecraft:cobblestone_wall":15,"minecraft:spruce_log":12,"minecraft:stone_brick_stairs":16,"minecraft:grass":481,"biomesoplenty:clover":1,"minecraft:oak_log":450,"minecraft:coal_ore":13,"minecraft:sand":66,"minecraft:dirt":183,"minecraft:cobweb":1,"minecraft:cracked_stone_bricks":4,"minecraft:stone_bricks":8,"minecraft:mossy_stone_bricks":4,"minecraft:oak_leaves":6,"minecraft:fern":58,"paraglider:goddess_statue":1},"minecraft:picked_up":{"minecraft:crafting_table":3,"minecraft:allium":10,"minecraft:azure_bluet":5,"minecraft:chicken":3,"minecraft:anvil":1,"minecraft:lead":2,"minecraft:oak_stairs":22,"biomesoplenty:violet":6,"minecraft:stone_brick_stairs":2,"tombstone:grave_key":1,"minecraft:cornflower":2,"paraglider:goddess_statue":1,"minecraft:string":5,"minecraft:raw_copper":34,"minecraft:oak_sign":3,"minecraft:candle":1,"comforts:sleeping_bag_white":21,"minecraft:spruce_planks":11,"minecraft:beef":22,"minecraft:cobblestone_slab":31,"minecraft:iron_nugget":2,"minecraft:poppy":4,"minecraft:light_gray_wool":1,"minecraft:lectern":1,"minecraft:coal_block":8,"minecraft:sugar_cane":30,"minecraft:furnace":1,"minecraft:stick":24,"minecraft:raw_iron":16,"minecraft:torch":9,"minecraft:porkchop":3,"tombstone:grave_dust":2,"minecraft:diorite":88,"tconstruct:sky_slime_ball":5,"minecraft:rotten_flesh":6,"create:scoria":140,"farmersdelight:onion":2,"minecraft:gold_ingot":4,"minecraft:mutton":16,"minecraft:white_wool":14,"minecraft:cobblestone":502,"minecraft:oxeye_daisy":3,"minecraft:stripped_oak_log":60,"minecraft:magma_block":2,"minecraft:feather":1,"minecraft:andesite":111,"minecraft:golden_carrot":8,"minecraft:leather":13,"paraglider:spirit_orb":2,"minecraft:tuff":119,"minecraft:oak_log":558,"minecraft:cobblestone_wall":4,"minecraft:cobblestone_stairs":5,"minecraft:dirt":1780,"minecraft:lantern":7,"man:cassette_1safetyinstructions":1,"minecraft:glass":1,"minecraft:apple":13,"minecraft:stone_bricks":4,"minecraft:kelp":10,"minecraft:wheat_seeds":74,"minecraft:stone_pickaxe":1,"minecraft:iron_ingot":4,"minecraft:oak_planks":188,"minecraft:book":95,"spartanweaponry:simple_handle":2,"minecraft:stone_brick_slab":2,"minecraft:dandelion":16,"minecraft:sand":66,"minecraft:spruce_sapling":4,"minecraft:spruce_log":27,"minecraft:spider_eye":2,"biomesoplenty:maple_sapling":14,"minecraft:granite":40,"minecraft:emerald":1,"minecraft:oak_sapling":31,"minecraft:oak_leaves":3,"minecraft:coal":13,"minecraft:ender_pearl":2},"minecraft:dropped":{"minecraft:candle":1,"minecraft:wheat_seeds":28,"minecraft:crafting_table":1,"biomesoplenty:maple_sapling":11,"minecraft:cobblestone":36,"man:cassette_1safetyinstructions":1,"minecraft:apple":6,"minecraft:granite":18,"minecraft:stick":3,"biomesoplenty:violet":3,"minecraft:dirt":64,"tombstone:grave_key":2,"minecraft:spruce_sapling":4,"minecraft:dandelion":8,"minecraft:stone_brick_slab":2,"minecraft:sugar_cane":13,"minecraft:cobblestone_wall":4,"minecraft:raw_iron":6,"minecraft:rotten_flesh":6,"minecraft:light_gray_wool":1,"minecraft:oak_planks":25,"minecraft:azure_bluet":5,"minecraft:oak_sign":1,"minecraft:glass_pane":15,"minecraft:allium":1,"minecraft:spider_eye":2,"minecraft:stone_bricks":4,"comforts:sleeping_bag_white":1,"minecraft:spruce_log":17,"minecraft:stone_pickaxe":1,"minecraft:glass":2,"minecraft:stone_brick_stairs":2},"minecraft:killed":{"eyesinthedark:eyes_in_the_dark":1,"minecraft:spider":2,"tconstruct:sky_slime":8,"minecraft:skeleton":2,"minecraft:pig":1,"sleep_killer:sleep_killer":1,"man:managgresive":1,"minecraft:wandering_trader":1,"minecraft:sheep":8,"minecraft:trader_llama":2,"minecraft:zombie":4,"structuresadventures:chicken_warrior":5,"minecraft:cow":9}},"DataVersion":3120}