{"stats":{"minecraft:custom":{"minecraft:time_since_rest":956,"minecraft:sprint_one_cm":26538,"minecraft:damage_taken":760,"minecraft:walk_one_cm":67228,"minecraft:mob_kills":9,"minecraft:drop":14,"minecraft:damage_dealt":1883,"minecraft:swim_one_cm":9060,"minecraft:interact_with_crafting_table":4,"minecraft:fly_one_cm":40983,"minecraft:open_barrel":3,"minecraft:open_chest":1,"minecraft:crouch_one_cm":4748,"minecraft:deaths":2,"minecraft:play_time":15364,"tombstone:undead_killed":2,"minecraft:sneak_time":1724,"minecraft:walk_under_water_one_cm":2272,"minecraft:boat_one_cm":790,"minecraft:jump":337,"minecraft:leave_game":1,"minecraft:time_since_death":1079,"minecraft:walk_on_water_one_cm":1735,"minecraft:total_world_time":15364,"minecraft:climb_one_cm":532,"minecraft:fall_one_cm":8724},"minecraft:crafted":{"minecraft:oak_planks":12,"minecraft:crafting_table":1,"minecraft:stick":4,"minecraft:wooden_pickaxe":1,"minecraft:stone_pickaxe":1,"minecraft:stone_sword":1},"minecraft:killed_by":{"eyesinthedark:eyes_in_the_dark":1},"minecraft:used":{"minecraft:stone_sword":77,"minecraft:apple":3,"minecraft:stone_pickaxe":31,"minecraft:oak_sign":1,"minecraft:wooden_pickaxe":20,"minecraft:sand":1,"minecraft:crafting_table":2,"alexsmobs:animal_dictionary":1,"biomesoplenty:maple_sapling":1},"minecraft:mined":{"minecraft:black_stained_glass_pane":2,"minecraft:tall_seagrass":1,"minecraft:iron_ore":6,"biomesoplenty:violet":1,"minecraft:dandelion":1,"minecraft:crafting_table":1,"minecraft:grass":49,"minecraft:coal_ore":10,"minecraft:oak_log":124,"minecraft:sand":1,"minecraft:tall_grass":24,"minecraft:stone":34,"minecraft:sugar_cane":1,"minecraft:fern":37},"minecraft:picked_up":{"minecraft:crafting_table":1,"minecraft:stick":4,"minecraft:raw_iron":6,"minecraft:leather":3,"minecraft:dandelion":3,"biomesoplenty:violet":3,"minecraft:sand":1,"minecraft:oak_log":124,"minecraft:spider_eye":1,"biomesoplenty:maple_sapling":4,"minecraft:rotten_flesh":2,"minecraft:apple":3,"minecraft:oak_sign":2,"minecraft:wheat_seeds":10,"minecraft:beef":4,"minecraft:light_gray_wool":1,"minecraft:sugar_cane":4,"minecraft:mutton":2,"minecraft:white_wool":1,"minecraft:coal":10,"minecraft:cobblestone":34},"minecraft:dropped":{"biomesoplenty:violet":3,"minecraft:wheat_seeds":5,"biomesoplenty:maple_sapling":3,"minecraft:oak_sign":1,"minecraft:dandelion":2},"minecraft:killed":{"minecraft:sheep":2,"minecraft:zombie":2,"eyesinthedark:eyes_in_the_dark":1,"minecraft:cow":3}},"DataVersion":3120}