{"stats":{"minecraft:picked_up":{"biomesoplenty:lavender":40,"minecraft:crafting_table":2,"minecraft:feather":1,"minecraft:lilac":2,"minecraft:leather":15,"minecraft:oak_log":9,"minecraft:gunpowder":2,"minecraft:dirt":74,"biomesoplenty:tall_lavender":5,"minecraft:wheat_seeds":14,"comforts:sleeping_bag_white":2,"minecraft:beef":28,"minecraft:poppy":5,"minecraft:stick":6,"minecraft:dandelion":2,"quark:blossom_log":66,"biomesoplenty:flowering_oak_sapling":2,"minecraft:rotten_flesh":1,"minecraft:crossbow":1,"minecraft:oak_sapling":5,"minecraft:mutton":14,"minecraft:white_wool":10,"minecraft:cobblestone":1,"minecraft:oxeye_daisy":4},"minecraft:killed":{"minecraft:spider":1,"minecraft:creeper":1,"minecraft:sheep":10,"minecraft:pillager":3,"minecraft:zombie":1,"minecraft:cow":12},"minecraft:custom":{"minecraft:interact_with_smithing_table":1,"minecraft:mob_kills":29,"tombstone:raider_killed":3,"minecraft:interact_with_crafting_table":7,"minecraft:open_barrel":15,"minecraft:eat_cake_slice":3,"minecraft:leave_game":4,"minecraft:time_since_death":2595,"minecraft:sleep_in_bed":2,"minecraft:time_since_rest":363,"minecraft:sprint_one_cm":113251,"minecraft:damage_taken":2316,"minecraft:walk_one_cm":153656,"minecraft:drop":9,"minecraft:damage_dealt":3654,"minecraft:swim_one_cm":5714,"minecraft:fly_one_cm":299693,"minecraft:player_kills":1,"minecraft:open_chest":6,"minecraft:crouch_one_cm":3,"minecraft:play_time":51065,"tombstone:undead_killed":1,"minecraft:deaths":6,"minecraft:sneak_time":355,"minecraft:walk_under_water_one_cm":1726,"minecraft:jump":1425,"minecraft:walk_on_water_one_cm":6523,"minecraft:total_world_time":51065,"minecraft:fall_one_cm":44877},"minecraft:dropped":{"minecraft:wheat_seeds":8,"minecraft:lilac":2,"biomesoplenty:lavender":3,"minecraft:stick":1,"minecraft:gunpowder":1,"minecraft:oak_sapling":4,"biomesoplenty:tall_lavender":2},"minecraft:crafted":{"minecraft:wooden_sword":1,"minecraft:oak_planks":36,"quark:blossom_planks":8,"minecraft:crafting_table":1,"comforts:sleeping_bag_white":1,"minecraft:wooden_pickaxe":2,"minecraft:stick":4,"minecraft:wooden_axe":2,"toughasnails:empty_canteen":1},"minecraft:mined":{"minecraft:podzol":1,"biomesoplenty:jacaranda_leaves":3,"minecraft:dandelion":2,"minecraft:crafting_table":2,"biomesoplenty:bush":29,"minecraft:grass_block":68,"minecraft:poppy":5,"quark:blossom_log":64,"minecraft:tall_grass":2,"biomesoplenty:sprout":14,"minecraft:oxeye_daisy":4,"biomesoplenty:dune_grass":8,"biomesoplenty:tall_lavender":14,"minecraft:furnace":1,"biomesoplenty:lavender":54,"minecraft:lilac":4,"treechop:chopped_log":3,"biomesoplenty:sea_oats":10,"minecraft:grass":83,"biomesoplenty:clover":7,"minecraft:oak_log":8,"minecraft:dirt":5,"minecraft:oak_leaves":76,"minecraft:fern":3},"minecraft:broken":{"minecraft:wooden_axe":2,"toughasnails:water_canteen":1,"minecraft:wooden_pickaxe":1},"minecraft:used":{"minecraft:oak_planks":8,"minecraft:wooden_pickaxe":43,"biomesoplenty:lavender":13,"toughasnails:water_canteen":9,"minecraft:dirt":86,"minecraft:crafting_table":2,"toughasnails:empty_canteen":2,"minecraft:wooden_axe":148,"minecraft:apple":1,"biomesoplenty:tall_lavender":1,"minecraft:wooden_sword":13,"minecraft:sweet_berries":17,"minecraft:oak_sapling":1,"tombstone:gift":1,"comforts:sleeping_bag_white":2},"minecraft:killed_by":{"minecraft:player":1,"minecraft:skeleton":1,"sanitydim:rotting_stalker":2,"sleep_killer:sleep_killer":1}},"DataVersion":3120}