{"stats":{"minecraft:picked_up":{"biomesoplenty:lavender":28,"minecraft:stick":6,"minecraft:crafting_table":1,"minecraft:feather":1,"minecraft:leather":5,"minecraft:dandelion":2,"quark:blossom_log":66,"minecraft:oak_log":9,"minecraft:gunpowder":1,"minecraft:dirt":73,"biomesoplenty:tall_lavender":3,"minecraft:rotten_flesh":1,"minecraft:wheat_seeds":8,"minecraft:beef":10,"minecraft:poppy":5,"minecraft:oak_sapling":5,"minecraft:mutton":3,"minecraft:white_wool":2,"minecraft:cobblestone":1,"minecraft:oxeye_daisy":4},"minecraft:killed":{"minecraft:sheep":2,"minecraft:zombie":1,"minecraft:spider":1,"minecraft:creeper":1,"minecraft:cow":4},"minecraft:custom":{"minecraft:time_since_rest":4439,"minecraft:sprint_one_cm":59004,"minecraft:damage_taken":1181,"minecraft:walk_one_cm":84583,"minecraft:mob_kills":9,"minecraft:drop":6,"minecraft:damage_dealt":1418,"minecraft:swim_one_cm":1918,"minecraft:interact_with_crafting_table":1,"minecraft:fly_one_cm":179048,"minecraft:player_kills":1,"minecraft:open_chest":1,"minecraft:play_time":33065,"minecraft:crouch_one_cm":3,"tombstone:undead_killed":1,"minecraft:deaths":3,"minecraft:sneak_time":321,"minecraft:walk_under_water_one_cm":1182,"minecraft:jump":798,"minecraft:leave_game":4,"minecraft:time_since_death":5067,"minecraft:walk_on_water_one_cm":2917,"minecraft:total_world_time":33065,"minecraft:fall_one_cm":27710},"minecraft:dropped":{"minecraft:wheat_seeds":2,"minecraft:oak_sapling":4,"biomesoplenty:lavender":3,"biomesoplenty:tall_lavender":2,"minecraft:stick":1},"minecraft:crafted":{"minecraft:oak_planks":8,"quark:blossom_planks":8,"minecraft:crafting_table":1,"minecraft:stick":4,"minecraft:wooden_pickaxe":1,"minecraft:wooden_axe":1},"minecraft:mined":{"minecraft:podzol":1,"biomesoplenty:jacaranda_leaves":3,"biomesoplenty:tall_lavender":10,"minecraft:lilac":3,"biomesoplenty:lavender":44,"minecraft:dandelion":2,"treechop:chopped_log":3,"minecraft:crafting_table":1,"biomesoplenty:sea_oats":1,"minecraft:poppy":5,"minecraft:grass":77,"biomesoplenty:bush":13,"biomesoplenty:clover":5,"minecraft:grass_block":68,"minecraft:oak_log":8,"minecraft:dirt":5,"quark:blossom_log":64,"minecraft:tall_grass":2,"biomesoplenty:sprout":14,"biomesoplenty:dune_grass":6,"minecraft:oxeye_daisy":4,"minecraft:oak_leaves":76,"minecraft:fern":2},"minecraft:broken":{"minecraft:wooden_axe":1},"minecraft:used":{"minecraft:wooden_axe":115,"biomesoplenty:tall_lavender":1,"biomesoplenty:lavender":13,"minecraft:dirt":73,"minecraft:crafting_table":1,"minecraft:oak_sapling":1,"tombstone:gift":1},"minecraft:killed_by":{"minecraft:player":1,"sanitydim:rotting_stalker":1,"sleep_killer:sleep_killer":1}},"DataVersion":3120}