{"stats":{"minecraft:custom":{"minecraft:mob_kills":40,"minecraft:interact_with_crafting_table":21,"minecraft:open_barrel":6,"minecraft:leave_game":3,"minecraft:time_since_death":1018,"minecraft:climb_one_cm":2369,"minecraft:sprint_one_cm":205061,"minecraft:walk_one_cm":250972,"minecraft:drop":55,"minecraft:talked_to_villager":2,"minecraft:play_time":86443,"minecraft:deaths":18,"minecraft:sneak_time":2697,"minecraft:walk_under_water_one_cm":15786,"minecraft:boat_one_cm":109096,"minecraft:jump":2107,"minecraft:walk_on_water_one_cm":10363,"minecraft:total_world_time":86443,"minecraft:interact_with_furnace":1,"minecraft:sleep_in_bed":3,"minecraft:time_since_rest":745,"minecraft:damage_taken":6636,"minecraft:damage_dealt":5678,"minecraft:swim_one_cm":17136,"minecraft:fly_one_cm":611536,"minecraft:player_kills":2,"minecraft:open_chest":31,"minecraft:crouch_one_cm":7483,"tombstone:undead_killed":4,"minecraft:fall_one_cm":67082},"minecraft:crafted":{"minecraft:oak_planks":52,"minecraft:stone_shovel":5,"comforts:sleeping_bag_white":1,"usefulbackpacks:backpack_small":1,"minecraft:stone_pickaxe":3,"minecraft:crafting_table":4,"minecraft:wooden_pickaxe":1,"minecraft:stick":28,"quark:oak_chest":1,"minecraft:stone_sword":1,"minecraft:torch":16,"minecraft:shears":1,"toughasnails:empty_canteen":1},"minecraft:killed_by":{"structuresadventures:chicken_warrior":6,"man:managgresive":1,"alexsmobs:crocodile":1,"structuresadventures:chicken_wizard":3,"eyesinthedark:eyes_in_the_dark":1},"minecraft:used":{"minecraft:stone_sword":213,"minecraft:stone_shovel":656,"minecraft:oak_sign":1,"minecraft:torch":5,"minecraft:dirt":199,"toughasnails:empty_canteen":2,"biomesoplenty:maple_sapling":1,"minecraft:golden_carrot":6,"tombstone:gift":4,"comforts:sleeping_bag_white":2,"minecraft:stone_pickaxe":277,"minecraft:oak_planks":7,"minecraft:wooden_pickaxe":59,"toughasnails:water_canteen":11,"minecraft:sand":1,"minecraft:crafting_table":5,"spartanweaponry:iron_battleaxe":42,"minecraft:apple":17,"minecraft:cobblestone":5,"quark:oak_chest":1,"alexsmobs:animal_dictionary":2},"minecraft:broken":{"toughasnails:water_canteen":1,"minecraft:wooden_pickaxe":1,"minecraft:stone_pickaxe":2,"minecraft:stone_shovel":4},"minecraft:mined":{"minecraft:mossy_stone_brick_slab":9,"minecraft:granite":18,"minecraft:grass_block":529,"minecraft:coal_block":8,"minecraft:oxeye_daisy":2,"minecraft:chiseled_stone_bricks":6,"minecraft:spawner":1,"minecraft:tall_seagrass":1,"minecraft:black_stained_glass_pane":2,"minecraft:iron_ore":6,"biomesoplenty:violet":1,"minecraft:bookshelf":33,"biomesoplenty:barley":4,"minecraft:stone":208,"minecraft:stone_brick_slab":13,"minecraft:dandelion":4,"minecraft:crafting_table":1,"minecraft:cornflower":1,"minecraft:poppy":1,"minecraft:chest":1,"minecraft:lectern":1,"minecraft:tall_grass":46,"minecraft:cobblestone":3,"minecraft:sugar_cane":7,"minecraft:wall_torch":1,"minecraft:cobblestone_wall":15,"minecraft:stone_brick_stairs":16,"minecraft:grass":164,"biomesoplenty:clover":1,"minecraft:oak_log":124,"minecraft:coal_ore":10,"minecraft:sand":1,"minecraft:dirt":75,"minecraft:cobweb":1,"minecraft:cracked_stone_bricks":4,"minecraft:stone_bricks":8,"minecraft:mossy_stone_bricks":4,"minecraft:fern":37,"paraglider:goddess_statue":1},"minecraft:picked_up":{"minecraft:crafting_table":1,"minecraft:allium":3,"minecraft:chicken":3,"biomesoplenty:violet":3,"minecraft:stone_brick_stairs":2,"tombstone:grave_key":1,"minecraft:cornflower":1,"paraglider:goddess_statue":1,"minecraft:string":2,"minecraft:oak_sign":2,"comforts:sleeping_bag_white":3,"minecraft:beef":20,"minecraft:iron_nugget":2,"minecraft:poppy":1,"minecraft:light_gray_wool":1,"minecraft:lectern":1,"minecraft:sugar_cane":16,"minecraft:coal_block":8,"minecraft:raw_iron":12,"minecraft:stick":5,"minecraft:torch":5,"minecraft:porkchop":3,"tombstone:grave_dust":2,"tconstruct:sky_slime_ball":5,"minecraft:rotten_flesh":6,"minecraft:gold_ingot":4,"minecraft:mutton":16,"minecraft:white_wool":14,"minecraft:cobblestone":98,"minecraft:oxeye_daisy":2,"minecraft:feather":1,"minecraft:golden_carrot":8,"minecraft:leather":11,"paraglider:spirit_orb":2,"minecraft:oak_log":124,"minecraft:cobblestone_wall":4,"minecraft:dirt":604,"minecraft:lantern":4,"man:cassette_1safetyinstructions":1,"minecraft:apple":9,"minecraft:stone_bricks":4,"minecraft:kelp":10,"minecraft:wheat_seeds":35,"minecraft:stone_pickaxe":1,"minecraft:iron_ingot":4,"minecraft:oak_planks":24,"minecraft:book":95,"spartanweaponry:simple_handle":2,"minecraft:stone_brick_slab":2,"minecraft:dandelion":6,"minecraft:sand":1,"minecraft:spider_eye":2,"biomesoplenty:maple_sapling":6,"minecraft:granite":18,"minecraft:emerald":1,"minecraft:coal":10,"minecraft:ender_pearl":2},"minecraft:dropped":{"minecraft:wheat_seeds":17,"biomesoplenty:maple_sapling":5,"minecraft:cobblestone":36,"man:cassette_1safetyinstructions":1,"minecraft:apple":6,"minecraft:granite":18,"minecraft:stick":3,"biomesoplenty:violet":3,"tombstone:grave_key":2,"minecraft:stone_brick_slab":2,"minecraft:dandelion":3,"minecraft:cobblestone_wall":4,"minecraft:raw_iron":6,"minecraft:rotten_flesh":6,"minecraft:light_gray_wool":1,"minecraft:oak_planks":25,"minecraft:oak_sign":1,"minecraft:allium":1,"minecraft:spider_eye":2,"minecraft:stone_bricks":4,"comforts:sleeping_bag_white":1,"minecraft:stone_pickaxe":1,"minecraft:stone_brick_stairs":2},"minecraft:killed":{"eyesinthedark:eyes_in_the_dark":1,"minecraft:spider":1,"tconstruct:sky_slime":8,"minecraft:skeleton":1,"minecraft:pig":1,"sleep_killer:sleep_killer":1,"minecraft:sheep":8,"minecraft:zombie":3,"structuresadventures:chicken_warrior":5,"minecraft:cow":8}},"DataVersion":3120}