{"stats":{"minecraft:custom":{"minecraft:mob_kills":31,"minecraft:interact_with_crafting_table":4,"minecraft:open_barrel":3,"minecraft:leave_game":1,"minecraft:time_since_death":935,"minecraft:climb_one_cm":532,"minecraft:time_since_rest":762,"minecraft:sprint_one_cm":47963,"minecraft:damage_taken":1295,"minecraft:walk_one_cm":117153,"minecraft:drop":15,"minecraft:damage_dealt":3773,"minecraft:swim_one_cm":13482,"minecraft:fly_one_cm":80082,"minecraft:player_kills":2,"minecraft:open_chest":1,"minecraft:crouch_one_cm":4748,"minecraft:play_time":27364,"tombstone:undead_killed":2,"minecraft:deaths":4,"minecraft:sneak_time":1725,"minecraft:walk_under_water_one_cm":3287,"minecraft:boat_one_cm":109096,"minecraft:jump":621,"minecraft:walk_on_water_one_cm":3978,"minecraft:total_world_time":27364,"minecraft:fall_one_cm":14620},"minecraft:crafted":{"minecraft:oak_planks":12,"minecraft:crafting_table":1,"minecraft:wooden_pickaxe":1,"minecraft:stick":4,"minecraft:stone_pickaxe":1,"minecraft:stone_sword":1},"minecraft:killed_by":{"eyesinthedark:eyes_in_the_dark":1},"minecraft:used":{"minecraft:stone_sword":133,"minecraft:stone_pickaxe":31,"minecraft:oak_sign":1,"minecraft:wooden_pickaxe":20,"minecraft:sand":1,"minecraft:crafting_table":2,"biomesoplenty:maple_sapling":1,"minecraft:apple":3,"minecraft:golden_carrot":4,"alexsmobs:animal_dictionary":1},"minecraft:mined":{"minecraft:dandelion":1,"minecraft:crafting_table":1,"minecraft:tall_grass":24,"minecraft:sugar_cane":7,"minecraft:tall_seagrass":1,"minecraft:black_stained_glass_pane":2,"minecraft:iron_ore":6,"biomesoplenty:violet":1,"minecraft:grass":50,"biomesoplenty:clover":1,"minecraft:oak_log":124,"minecraft:coal_ore":10,"minecraft:sand":1,"minecraft:stone":34,"minecraft:fern":37},"minecraft:picked_up":{"minecraft:crafting_table":1,"minecraft:golden_carrot":8,"minecraft:leather":11,"biomesoplenty:violet":3,"minecraft:oak_log":124,"minecraft:string":1,"minecraft:oak_sign":2,"minecraft:apple":3,"minecraft:kelp":10,"minecraft:wheat_seeds":11,"minecraft:beef":20,"minecraft:iron_nugget":2,"minecraft:light_gray_wool":1,"minecraft:sugar_cane":16,"minecraft:stick":4,"minecraft:raw_iron":6,"minecraft:dandelion":3,"minecraft:porkchop":3,"minecraft:sand":1,"minecraft:spider_eye":2,"tconstruct:sky_slime_ball":3,"biomesoplenty:maple_sapling":4,"minecraft:rotten_flesh":3,"minecraft:mutton":16,"minecraft:coal":10,"minecraft:white_wool":8,"minecraft:cobblestone":34},"minecraft:dropped":{"minecraft:wheat_seeds":5,"biomesoplenty:maple_sapling":3,"minecraft:oak_sign":1,"biomesoplenty:violet":3,"minecraft:dandelion":3},"minecraft:killed":{"minecraft:pig":1,"eyesinthedark:eyes_in_the_dark":1,"sleep_killer:sleep_killer":1,"minecraft:spider":1,"tconstruct:sky_slime":7,"minecraft:sheep":8,"minecraft:zombie":2,"minecraft:cow":8}},"DataVersion":3120}