{"stats":{"minecraft:killed":{"eyesinthedark:eyes_in_the_dark":1,"minecraft:spider":3,"tconstruct:sky_slime":8,"minecraft:skeleton":2,"minecraft:pig":1,"sleep_killer:sleep_killer":1,"man:managgresive":1,"minecraft:wandering_trader":1,"minecraft:sheep":8,"minecraft:trader_llama":2,"minecraft:pillager":1,"minecraft:zombie":4,"structuresadventures:chicken_warrior":5,"minecraft:cow":9},"minecraft:killed_by":{"the_silence:the_silence_principal":8,"minecraft:pillager":2,"structuresadventures:chicken_warrior":6,"man:managgresive":1,"alexsmobs:crocodile":1,"structuresadventures:chicken_wizard":3,"minecraft:zombie":2,"eyesinthedark:eyes_in_the_dark":1},"minecraft:used":{"create:deployer":6,"minecraft:stone_sword":219,"toughasnails:water_purifier":1,"minecraft:stone_shovel":2023,"minecraft:oak_sign":1,"minecraft:spruce_planks":11,"minecraft:oak_door":1,"minecraft:torch":23,"minecraft:dirt":317,"toughasnails:empty_canteen":11,"minecraft:cobblestone_wall":4,"create:depot":2,"minecraft:tuff":3,"biomesoplenty:maple_sapling":1,"quark:spruce_chest":4,"minecraft:lantern":3,"minecraft:iron_axe":411,"minecraft:oak_stairs":138,"create:scoria":6,"create:creative_motor":8,"minecraft:golden_carrot":28,"minecraft:furnace":3,"tombstone:gift":5,"comforts:sleeping_bag_white":22,"minecraft:cooked_mutton":15,"minecraft:water_bucket":7,"structuresadventures:gladioandpegocrystalsword":18,"minecraft:cobblestone_stairs":9,"minecraft:stone_pickaxe":1518,"minecraft:oak_planks":1305,"minecraft:ender_pearl":1,"minecraft:wooden_pickaxe":59,"minecraft:sugar_cane":17,"minecraft:cobblestone_slab":100,"toughasnails:water_canteen":46,"farmersdelight:onion":2,"minecraft:sand":1,"toughasnails:rain_collector":1,"minecraft:oak_slab":51,"minecraft:crafting_table":8,"corail_recycler:recycler":1,"minecraft:white_bed":2,"minecraft:sponge":7,"minecraft:shears":4,"spartanweaponry:iron_battleaxe":139,"minecraft:oak_log":342,"minecraft:apple":21,"create:mechanical_press":2,"minecraft:iron_pickaxe":750,"minecraft:bread":3,"minecraft:string":1,"create:large_water_wheel":3,"minecraft:stone_axe":1427,"upgradednetherite:echo_upgraded_netherite_sword":17,"minecraft:cobblestone":22,"minecraft:bucket":7,"toughasnails:purified_water_canteen":18,"minecraft:glass_pane":81,"quark:oak_chest":2,"alexsmobs:animal_dictionary":2,"minecraft:stripped_oak_log":56,"the_silence:sad_satan":7},"minecraft:mined":{"minecraft:tuff":390,"minecraft:white_bed":2,"minecraft:spruce_planks":11,"minecraft:mossy_stone_brick_slab":9,"minecraft:cobblestone_stairs":5,"the_silence:sad_satan":8,"minecraft:granite":42,"minecraft:allium":3,"minecraft:grass_block":1563,"minecraft:coal_block":8,"minecraft:spruce_leaves":4,"minecraft:oxeye_daisy":3,"minecraft:chiseled_stone_bricks":6,"minecraft:spawner":1,"comforts:sleeping_bag_white":4,"minecraft:tall_seagrass":1,"farmersdelight:wild_onions":2,"minecraft:black_stained_glass_pane":2,"minecraft:magma_block":3,"minecraft:furnace":1,"minecraft:iron_ore":7,"biomesoplenty:violet":4,"minecraft:andesite":211,"treechop:chopped_log":46,"minecraft:azure_bluet":1,"minecraft:bookshelf":33,"minecraft:oak_sign":1,"minecraft:cobblestone_slab":24,"minecraft:deepslate_iron_ore":5,"minecraft:oak_stairs":22,"minecraft:lantern":3,"minecraft:stripped_oak_log":60,"biomesoplenty:barley":4,"minecraft:stone":743,"minecraft:tripwire":1,"minecraft:glass_pane":1,"minecraft:stone_brick_slab":13,"minecraft:dandelion":12,"minecraft:crafting_table":2,"minecraft:cornflower":2,"minecraft:torch":2,"minecraft:poppy":4,"minecraft:chest":1,"create:scoria":445,"minecraft:lectern":1,"minecraft:copper_ore":11,"minecraft:tall_grass":79,"minecraft:cobblestone":15,"minecraft:oak_planks":188,"minecraft:sugar_cane":10,"minecraft:diorite":167,"minecraft:wall_torch":2,"create:large_water_wheel":2,"minecraft:cobblestone_wall":15,"minecraft:spruce_log":12,"minecraft:stone_brick_stairs":16,"minecraft:grass":650,"biomesoplenty:clover":1,"minecraft:coal_ore":25,"minecraft:oak_log":966,"minecraft:gravel":2,"minecraft:sand":66,"minecraft:dirt":239,"minecraft:cobweb":1,"minecraft:cracked_stone_bricks":4,"minecraft:stone_bricks":8,"minecraft:mossy_stone_bricks":4,"minecraft:oak_leaves":6,"minecraft:fern":136,"paraglider:goddess_statue":1},"minecraft:dropped":{"minecraft:candle":1,"minecraft:wheat_seeds":37,"minecraft:crafting_table":1,"biomesoplenty:maple_sapling":11,"minecraft:cobblestone":36,"man:cassette_1safetyinstructions":1,"minecraft:apple":6,"minecraft:granite":18,"minecraft:stick":3,"biomesoplenty:violet":3,"minecraft:dirt":64,"tombstone:grave_key":2,"the_silence:sad_satan":13,"minecraft:dandelion":8,"minecraft:spruce_sapling":4,"minecraft:stone_brick_slab":2,"minecraft:gravel":2,"minecraft:stone_axe":1,"minecraft:sugar_cane":13,"minecraft:cobblestone_wall":4,"minecraft:raw_iron":6,"minecraft:rotten_flesh":6,"minecraft:light_gray_wool":1,"minecraft:oak_planks":25,"minecraft:azure_bluet":5,"minecraft:oak_sign":1,"minecraft:glass_pane":15,"minecraft:allium":1,"minecraft:spider_eye":2,"minecraft:stone_bricks":4,"comforts:sleeping_bag_white":1,"minecraft:spruce_log":17,"minecraft:glass":2,"minecraft:stone_pickaxe":3,"minecraft:stone_brick_stairs":2},"minecraft:broken":{"toughasnails:water_canteen":7,"minecraft:wooden_pickaxe":1,"minecraft:stone_pickaxe":11,"spartanweaponry:iron_battleaxe":1,"minecraft:iron_axe":1,"minecraft:stone_axe":9,"minecraft:iron_pickaxe":3,"toughasnails:purified_water_canteen":3,"minecraft:stone_shovel":13},"minecraft:crafted":{"minecraft:oak_door":3,"minecraft:oak_planks":1429,"minecraft:stone_shovel":13,"minecraft:cobblestone_slab":114,"minecraft:barrel":1,"minecraft:iron_nugget":9,"comforts:sleeping_bag_white":1,"usefulbackpacks:backpack_small":1,"minecraft:furnace":2,"corail_recycler:steel_disk":2,"minecraft:cobblestone_stairs":4,"paraglider:deku_leaf":1,"minecraft:cooked_mutton":16,"minecraft:glass_pane":96,"minecraft:glass":64,"minecraft:iron_axe":2,"minecraft:spruce_slab":6,"minecraft:stone_pickaxe":12,"minecraft:cobblestone_wall":6,"corail_recycler:recycler":1,"quark:spruce_chest":4,"paraglider:paraglider":1,"minecraft:oak_slab":150,"create:andesite_alloy":2,"toughasnails:rain_collector":1,"minecraft:crafting_table":6,"minecraft:spruce_planks":40,"minecraft:wooden_pickaxe":1,"create:large_water_wheel":1,"minecraft:bucket":1,"minecraft:stone_axe":9,"minecraft:air":0,"minecraft:charcoal":11,"create:water_wheel":1,"toughasnails:water_purifier":1,"minecraft:stick":76,"quark:oak_chest":3,"minecraft:iron_ingot":15,"minecraft:iron_pickaxe":3,"minecraft:oak_stairs":116,"minecraft:stone_sword":1,"create:shaft":8,"minecraft:torch":16,"minecraft:shears":1,"toughasnails:empty_canteen":1},"minecraft:picked_up":{"minecraft:crafting_table":3,"minecraft:allium":10,"minecraft:azure_bluet":5,"minecraft:chicken":3,"minecraft:anvil":1,"minecraft:lead":2,"minecraft:oak_stairs":22,"biomesoplenty:violet":6,"minecraft:stone_brick_stairs":2,"tombstone:grave_key":1,"minecraft:cornflower":2,"paraglider:goddess_statue":1,"minecraft:string":5,"minecraft:raw_copper":34,"minecraft:oak_sign":3,"minecraft:candle":1,"comforts:sleeping_bag_white":23,"minecraft:spruce_planks":11,"minecraft:beef":22,"minecraft:cobblestone_slab":31,"minecraft:iron_nugget":2,"minecraft:poppy":5,"minecraft:light_gray_wool":1,"minecraft:lectern":1,"minecraft:coal_block":8,"minecraft:sugar_cane":30,"minecraft:furnace":1,"minecraft:stick":27,"minecraft:raw_iron":18,"create:golden_sheet":2,"minecraft:torch":11,"the_silence:sad_satan":33,"minecraft:porkchop":3,"tombstone:grave_dust":2,"minecraft:diorite":167,"tconstruct:sky_slime_ball":5,"minecraft:rotten_flesh":6,"create:scoria":445,"farmersdelight:onion":2,"minecraft:gold_ingot":4,"minecraft:mutton":16,"minecraft:white_wool":14,"minecraft:cobblestone":636,"minecraft:oxeye_daisy":3,"minecraft:stripped_oak_log":60,"minecraft:magma_block":3,"minecraft:feather":1,"minecraft:golden_carrot":8,"minecraft:andesite":202,"minecraft:leather":13,"paraglider:spirit_orb":2,"minecraft:tuff":390,"minecraft:oak_log":1087,"minecraft:cobblestone_wall":4,"minecraft:cobblestone_stairs":5,"minecraft:dirt":1858,"minecraft:lantern":7,"man:cassette_1safetyinstructions":1,"minecraft:glass":1,"minecraft:apple":13,"minecraft:stone_bricks":4,"minecraft:kelp":10,"minecraft:wheat_seeds":107,"minecraft:iron_ingot":4,"minecraft:stone_pickaxe":3,"minecraft:oak_planks":215,"minecraft:book":95,"create:large_water_wheel":2,"spartanweaponry:simple_handle":2,"minecraft:stone_brick_slab":2,"minecraft:dandelion":16,"minecraft:gravel":2,"minecraft:sand":66,"minecraft:spruce_sapling":4,"minecraft:white_bed":2,"minecraft:spruce_log":27,"minecraft:spider_eye":3,"create:creative_motor":2,"biomesoplenty:maple_sapling":14,"minecraft:stone_axe":1,"minecraft:granite":40,"minecraft:emerald":1,"minecraft:oak_sapling":34,"minecraft:coal":25,"minecraft:oak_leaves":3,"minecraft:ender_pearl":2},"minecraft:custom":{"minecraft:interact_with_smithing_table":1,"minecraft:mob_kills":52,"minecraft:interact_with_crafting_table":125,"minecraft:open_barrel":7,"minecraft:eat_cake_slice":4,"minecraft:leave_game":10,"minecraft:time_since_death":14582,"minecraft:climb_one_cm":3959,"minecraft:sprint_one_cm":1041996,"minecraft:walk_one_cm":1177609,"minecraft:drop":84,"minecraft:talked_to_villager":3,"minecraft:play_time":372489,"minecraft:sneak_time":14231,"minecraft:deaths":32,"minecraft:walk_under_water_one_cm":37000,"minecraft:boat_one_cm":109096,"minecraft:jump":6195,"minecraft:walk_on_water_one_cm":58104,"minecraft:total_world_time":372489,"minecraft:interact_with_furnace":23,"tombstone:raider_killed":1,"minecraft:sleep_in_bed":22,"minecraft:time_since_rest":481,"minecraft:damage_taken":10684,"minecraft:damage_dealt":15050,"minecraft:player_kills":2,"minecraft:swim_one_cm":49089,"minecraft:fly_one_cm":1543863,"minecraft:open_chest":132,"minecraft:crouch_one_cm":38017,"tombstone:undead_killed":6,"tombstone:villager_killed":1,"minecraft:fall_one_cm":143532}},"DataVersion":3120}