{"stats":{"minecraft:picked_up":{"biomesoplenty:lavender":37,"minecraft:crafting_table":2,"minecraft:feather":1,"minecraft:lilac":2,"minecraft:leather":11,"minecraft:oak_log":9,"minecraft:gunpowder":1,"minecraft:dirt":74,"biomesoplenty:tall_lavender":5,"minecraft:wheat_seeds":8,"comforts:sleeping_bag_white":1,"minecraft:beef":17,"minecraft:poppy":5,"minecraft:stick":6,"minecraft:dandelion":2,"quark:blossom_log":66,"biomesoplenty:flowering_oak_sapling":2,"minecraft:rotten_flesh":1,"minecraft:oak_sapling":5,"minecraft:mutton":5,"minecraft:white_wool":3,"minecraft:cobblestone":1,"minecraft:oxeye_daisy":4},"minecraft:killed":{"minecraft:spider":1,"minecraft:creeper":1,"minecraft:sheep":3,"minecraft:zombie":1,"minecraft:cow":8},"minecraft:custom":{"minecraft:mob_kills":14,"minecraft:interact_with_crafting_table":4,"minecraft:leave_game":4,"minecraft:time_since_death":2775,"minecraft:sleep_in_bed":1,"minecraft:time_since_rest":1456,"minecraft:sprint_one_cm":71086,"minecraft:damage_taken":1696,"minecraft:walk_one_cm":99639,"minecraft:drop":6,"minecraft:damage_dealt":1856,"minecraft:swim_one_cm":1918,"minecraft:fly_one_cm":211871,"minecraft:player_kills":1,"minecraft:open_chest":1,"minecraft:crouch_one_cm":3,"minecraft:play_time":39065,"tombstone:undead_killed":1,"minecraft:deaths":5,"minecraft:sneak_time":346,"minecraft:walk_under_water_one_cm":1182,"minecraft:jump":982,"minecraft:walk_on_water_one_cm":2917,"minecraft:total_world_time":39065,"minecraft:fall_one_cm":32315},"minecraft:dropped":{"minecraft:wheat_seeds":2,"biomesoplenty:lavender":3,"minecraft:stick":1,"minecraft:oak_sapling":4,"biomesoplenty:tall_lavender":2},"minecraft:crafted":{"minecraft:oak_planks":36,"quark:blossom_planks":8,"minecraft:crafting_table":1,"comforts:sleeping_bag_white":1,"minecraft:wooden_pickaxe":2,"minecraft:stick":4,"minecraft:wooden_axe":2},"minecraft:mined":{"minecraft:podzol":1,"biomesoplenty:jacaranda_leaves":3,"minecraft:dandelion":2,"minecraft:crafting_table":2,"biomesoplenty:bush":17,"minecraft:grass_block":68,"minecraft:poppy":5,"quark:blossom_log":64,"minecraft:tall_grass":2,"biomesoplenty:sprout":14,"minecraft:oxeye_daisy":4,"biomesoplenty:dune_grass":7,"biomesoplenty:tall_lavender":14,"biomesoplenty:lavender":51,"minecraft:lilac":4,"treechop:chopped_log":3,"biomesoplenty:sea_oats":7,"minecraft:grass":79,"biomesoplenty:clover":5,"minecraft:oak_log":8,"minecraft:dirt":5,"minecraft:oak_leaves":76,"minecraft:fern":3},"minecraft:broken":{"minecraft:wooden_axe":1,"minecraft:wooden_pickaxe":1},"minecraft:used":{"minecraft:oak_planks":8,"minecraft:wooden_pickaxe":42,"biomesoplenty:lavender":13,"minecraft:dirt":76,"minecraft:crafting_table":2,"minecraft:wooden_axe":116,"biomesoplenty:tall_lavender":1,"minecraft:oak_sapling":1,"tombstone:gift":1,"comforts:sleeping_bag_white":1},"minecraft:killed_by":{"minecraft:player":1,"minecraft:skeleton":1,"sanitydim:rotting_stalker":2,"sleep_killer:sleep_killer":1}},"DataVersion":3120}