{"stats":{"minecraft:picked_up":{"biomesoplenty:lavender":40,"minecraft:crafting_table":2,"minecraft:feather":1,"minecraft:lilac":2,"minecraft:leather":15,"minecraft:oak_log":9,"minecraft:gunpowder":2,"minecraft:dirt":74,"biomesoplenty:tall_lavender":5,"minecraft:wheat_seeds":14,"minecraft:cobbled_deepslate":5,"comforts:sleeping_bag_white":2,"minecraft:beef":28,"minecraft:poppy":5,"minecraft:stick":6,"minecraft:raw_iron":6,"minecraft:dandelion":2,"quark:blossom_log":66,"biomesoplenty:flowering_oak_sapling":2,"minecraft:rotten_flesh":1,"minecraft:diamond":5,"minecraft:crossbow":1,"minecraft:granite":1,"minecraft:oak_sapling":5,"minecraft:coal":11,"minecraft:mutton":14,"minecraft:white_wool":10,"minecraft:cobblestone":66,"minecraft:oxeye_daisy":8},"minecraft:killed":{"minecraft:spider":1,"minecraft:creeper":1,"minecraft:sheep":10,"minecraft:pillager":3,"minecraft:zombie":2,"minecraft:cow":12},"minecraft:custom":{"minecraft:interact_with_smithing_table":1,"minecraft:interact_with_furnace":4,"minecraft:mob_kills":30,"tombstone:raider_killed":3,"minecraft:interact_with_crafting_table":11,"minecraft:open_barrel":15,"minecraft:eat_cake_slice":3,"minecraft:leave_game":4,"minecraft:time_since_death":2968,"minecraft:sleep_in_bed":2,"minecraft:climb_one_cm":762,"minecraft:time_since_rest":2786,"minecraft:sprint_one_cm":131400,"minecraft:damage_taken":2751,"minecraft:walk_one_cm":176287,"minecraft:drop":17,"minecraft:damage_dealt":3854,"minecraft:swim_one_cm":6033,"minecraft:fly_one_cm":323561,"minecraft:player_kills":1,"minecraft:open_chest":8,"minecraft:crouch_one_cm":1814,"minecraft:play_time":57065,"tombstone:undead_killed":2,"minecraft:deaths":7,"minecraft:sneak_time":810,"minecraft:walk_under_water_one_cm":1814,"minecraft:jump":1573,"minecraft:walk_on_water_one_cm":7356,"minecraft:total_world_time":57065,"minecraft:fall_one_cm":53487},"minecraft:dropped":{"minecraft:wheat_seeds":14,"minecraft:lilac":2,"biomesoplenty:lavender":29,"minecraft:rotten_flesh":1,"minecraft:cobblestone":1,"minecraft:stick":1,"minecraft:oxeye_daisy":8,"minecraft:poppy":5,"minecraft:gunpowder":1,"minecraft:oak_sapling":4,"minecraft:wooden_pickaxe":1,"biomesoplenty:tall_lavender":2},"minecraft:crafted":{"minecraft:wooden_sword":1,"minecraft:oak_planks":36,"quark:blossom_planks":264,"minecraft:crafting_table":2,"comforts:sleeping_bag_white":1,"minecraft:wooden_pickaxe":2,"minecraft:furnace":1,"minecraft:stick":8,"minecraft:iron_pickaxe":1,"minecraft:iron_ingot":6,"minecraft:stone_pickaxe":1,"minecraft:wooden_axe":2,"toughasnails:empty_canteen":1},"minecraft:mined":{"minecraft:podzol":1,"biomesoplenty:jacaranda_leaves":3,"minecraft:deepslate_diamond_ore":5,"minecraft:dandelion":2,"minecraft:crafting_table":2,"minecraft:granite":3,"biomesoplenty:bush":29,"minecraft:grass_block":68,"minecraft:poppy":5,"quark:blossom_log":64,"minecraft:tall_grass":2,"minecraft:cobblestone":9,"biomesoplenty:sprout":14,"minecraft:oxeye_daisy":4,"biomesoplenty:dune_grass":8,"biomesoplenty:tall_lavender":14,"minecraft:furnace":1,"minecraft:iron_ore":1,"biomesoplenty:lavender":54,"minecraft:lilac":4,"treechop:chopped_log":3,"biomesoplenty:sea_oats":10,"minecraft:grass":83,"biomesoplenty:clover":7,"minecraft:coal_ore":11,"minecraft:oak_log":8,"minecraft:deepslate_iron_ore":5,"minecraft:iron_bars":1,"minecraft:dirt":5,"minecraft:stone":59,"minecraft:deepslate":7,"minecraft:oak_leaves":76,"minecraft:fern":3},"minecraft:broken":{"minecraft:wooden_axe":2,"toughasnails:water_canteen":1,"minecraft:wooden_pickaxe":1},"minecraft:used":{"minecraft:stone_pickaxe":62,"minecraft:baked_potato":2,"minecraft:oak_planks":18,"minecraft:wooden_pickaxe":65,"biomesoplenty:lavender":13,"toughasnails:water_canteen":11,"minecraft:dirt":86,"minecraft:crafting_table":4,"toughasnails:empty_canteen":2,"minecraft:granite":1,"minecraft:wooden_axe":148,"minecraft:apple":1,"biomesoplenty:tall_lavender":1,"minecraft:iron_pickaxe":17,"minecraft:wooden_sword":21,"minecraft:cobblestone":53,"minecraft:sweet_berries":17,"minecraft:furnace":1,"minecraft:oak_sapling":1,"quark:blossom_planks":7,"tombstone:gift":1,"comforts:sleeping_bag_white":2,"minecraft:cobbled_deepslate":5},"minecraft:killed_by":{"minecraft:player":1,"minecraft:skeleton":1,"sanitydim:rotting_stalker":2,"sleep_killer:sleep_killer":1}},"DataVersion":3120}