{"stats":{"minecraft:killed":{"minecraft:cave_spider":2,"minecraft:witch":1,"alexsmobs:raccoon":1,"minecraft:spider":8,"tconstruct:sky_slime":1,"minecraft:skeleton":11,"minecraft:chicken":1,"artifacts:mimic":1,"minecraft:pig":4,"sleep_killer:sleep_killer":3,"minecraft:bat":1,"minecraft:creeper":1,"minecraft:sheep":9,"minecraft:zombie":13,"alexsmobs:cockroach":1,"minecraft:cow":15},"minecraft:killed_by":{"the_silence:the_silence_principal":3,"minecraft:player":2,"minecraft:creeper":6,"minecraft:spider":1,"alexsmobs:tiger":1,"structuresadventures:chicken_warrior":4,"minecraft:skeleton":2,"minecraft:zombie":3,"eyesinthedark:eyes_in_the_dark":2,"sleep_killer:sleep_killer":1},"minecraft:used":{"minecraft:writable_book":1,"toughasnails:water_purifier":2,"biomesoplenty:glowing_moss_block":1,"minecraft:shield":7,"minecraft:iron_sword":207,"minecraft:iron_chestplate":1,"minecraft:torch":75,"minecraft:dirt":436,"minecraft:mutton":9,"toughasnails:empty_canteen":9,"minecraft:tuff":1,"quark:deepslate_furnace":4,"minecraft:oak_stairs":403,"minecraft:iron_boots":1,"minecraft:golden_carrot":35,"minecraft:beef":12,"minecraft:furnace":1,"tombstone:gift":4,"comforts:sleeping_bag_white":16,"minecraft:cobbled_deepslate":32,"minecraft:water_bucket":56,"minecraft:oak_planks":1054,"minecraft:stone_pickaxe":42,"minecraft:wooden_pickaxe":3,"minecraft:diamond_axe":679,"toughasnails:water_canteen":85,"minecraft:golden_apple":1,"minecraft:oak_slab":3,"minecraft:crafting_table":8,"minecraft:blast_furnace":1,"corail_recycler:recycler":1,"minecraft:white_bed":1,"minecraft:oak_log":43,"minecraft:black_wool":1,"minecraft:apple":2,"minecraft:diamond_shovel":749,"minecraft:iron_pickaxe":238,"tombstone:magic_scroll":1,"minecraft:spruce_sapling":4,"minecraft:stone_axe":60,"minecraft:cobblestone":14,"minecraft:porkchop":3,"minecraft:bucket":57,"quark:oak_chest":4,"minecraft:oak_boat":1,"the_silence:sad_satan":1},"minecraft:mined":{"biomesoplenty:glowing_moss_block":1,"minecraft:tuff":4,"minecraft:deepslate_diamond_ore":21,"the_silence:sad_satan":14,"minecraft:grass_block":680,"comforts:sleeping_bag_white":3,"minecraft:spruce_sapling":4,"minecraft:furnace":1,"minecraft:iron_ore":24,"minecraft:andesite":2,"treechop:chopped_log":76,"minecraft:deepslate_lapis_ore":8,"minecraft:anvil":1,"minecraft:deepslate_iron_ore":44,"minecraft:oak_stairs":91,"minecraft:stone":20,"minecraft:oak_slab":1,"tconstruct:sky_slime_tall_grass":1,"toughasnails:water_purifier":1,"minecraft:crafting_table":5,"minecraft:torch":4,"minecraft:blast_furnace":1,"minecraft:tall_grass":10,"minecraft:deepslate_gold_ore":68,"minecraft:oak_planks":148,"minecraft:wall_torch":1,"minecraft:grass":291,"biomesoplenty:clover":3,"minecraft:oak_log":6,"minecraft:sand":22,"minecraft:dirt":48,"minecraft:wither_skeleton_skull":1,"minecraft:gold_ore":3,"minecraft:oak_leaves":9,"minecraft:deepslate":84,"minecraft:fern":2},"minecraft:dropped":{"minecraft:wheat_seeds":1,"minecraft:crafting_table":1,"biomesoplenty:maple_sapling":55,"minecraft:apple":3,"minecraft:stick":4,"biomesoplenty:violet":2,"minecraft:dirt":1,"tconstruct:materials_and_you":1,"minecraft:golden_carrot":8,"minecraft:wooden_hoe":1,"minecraft:mutton":7,"the_silence:sad_satan":12,"minecraft:spruce_sapling":1,"minecraft:sugar_cane":4,"alexsmobs:animal_dictionary":1,"minecraft:cobbled_deepslate":2,"minecraft:rotten_flesh":2,"minecraft:golden_shovel":1,"minecraft:leather_leggings":1,"minecraft:wooden_pickaxe":1},"minecraft:broken":{"toughasnails:water_canteen":8},"minecraft:crafted":{"minecraft:oak_planks":1560,"the_silence:flashlightoff":1,"minecraft:iron_nugget":9,"comforts:sleeping_bag_white":1,"corail_recycler:steel_disk":2,"quark:deepslate_furnace":4,"minecraft:glass":7,"minecraft:iron_boots":2,"minecraft:stone_pickaxe":1,"corail_recycler:recycler":1,"minecraft:cooked_beef":17,"minecraft:oak_slab":12,"minecraft:crafting_table":4,"minecraft:wooden_pickaxe":1,"minecraft:iron_helmet":2,"minecraft:iron_sword":1,"minecraft:gold_block":3,"minecraft:bucket":1,"minecraft:stone_axe":1,"minecraft:air":0,"minecraft:oak_boat":1,"minecraft:iron_chestplate":2,"minecraft:wooden_hoe":1,"minecraft:diamond_pickaxe":1,"minecraft:charcoal":1,"toughasnails:water_purifier":1,"minecraft:shield":2,"minecraft:stick":8,"quark:oak_chest":5,"minecraft:iron_ingot":82,"minecraft:iron_pickaxe":1,"minecraft:oak_stairs":316,"minecraft:iron_leggings":1,"minecraft:iron_shovel":1,"minecraft:gold_ingot":25,"minecraft:white_bed":1,"minecraft:torch":68,"toughasnails:empty_canteen":1},"minecraft:picked_up":{"minecraft:crafting_table":5,"minecraft:leather_leggings":1,"minecraft:oak_stairs":91,"biomesoplenty:violet":2,"minecraft:golden_shovel":1,"minecraft:string":6,"minecraft:glass_pane":15,"minecraft:cobbled_deepslate":91,"comforts:sleeping_bag_white":16,"minecraft:beef":29,"minecraft:sugar_cane":9,"minecraft:birch_sapling":1,"minecraft:furnace":1,"minecraft:stick":158,"minecraft:raw_iron":77,"minecraft:torch":7,"the_silence:sad_satan":13,"minecraft:porkchop":6,"tombstone:grave_dust":2,"minecraft:arrow":9,"minecraft:rotten_flesh":6,"artifacts:running_shoes":1,"minecraft:mutton":17,"minecraft:white_wool":7,"minecraft:cobblestone":20,"minecraft:glow_ink_sac":7,"minecraft:andesite":2,"minecraft:leather":11,"minecraft:tuff":4,"minecraft:oak_log":434,"artifacts:superstitious_hat":1,"minecraft:gunpowder":2,"minecraft:wither_skeleton_skull":1,"minecraft:lapis_lazuli":50,"minecraft:dirt":742,"minecraft:bone":17,"minecraft:apple":17,"minecraft:bow":1,"minecraft:wheat_seeds":25,"minecraft:raw_gold":78,"alexsmobs:cockroach_wing_fragment":1,"minecraft:iron_ingot":1,"minecraft:cobweb":5,"minecraft:oak_planks":151,"minecraft:oak_slab":1,"minecraft:sand":21,"minecraft:spruce_sapling":9,"minecraft:blast_furnace":1,"minecraft:spruce_log":17,"biomesoplenty:glowing_moss_block":1,"minecraft:spider_eye":3,"biomesoplenty:maple_sapling":55,"toughasnails:water_purifier":1,"minecraft:sugar":1,"minecraft:diamond":21,"minecraft:oak_sapling":174,"minecraft:black_wool":1},"minecraft:custom":{"minecraft:interact_with_smithing_table":1,"minecraft:interact_with_anvil":1,"minecraft:mob_kills":70,"minecraft:interact_with_crafting_table":50,"minecraft:open_barrel":18,"minecraft:eat_cake_slice":3,"minecraft:leave_game":14,"minecraft:time_since_death":9304,"minecraft:climb_one_cm":4365,"minecraft:sprint_one_cm":955550,"minecraft:walk_one_cm":857240,"minecraft:damage_blocked_by_shield":510,"minecraft:drop":91,"minecraft:play_time":283859,"minecraft:sneak_time":11675,"minecraft:deaths":27,"minecraft:walk_under_water_one_cm":16695,"minecraft:boat_one_cm":124882,"minecraft:jump":4970,"minecraft:interact_with_brewingstand":1,"minecraft:interact_with_blast_furnace":8,"minecraft:walk_on_water_one_cm":69738,"minecraft:total_world_time":283859,"minecraft:interact_with_furnace":39,"tombstone:raider_killed":1,"minecraft:sleep_in_bed":18,"minecraft:time_since_rest":8556,"minecraft:damage_taken":10258,"minecraft:trigger_trapped_chest":5,"minecraft:damage_dealt":12711,"minecraft:swim_one_cm":51667,"minecraft:fly_one_cm":1326990,"minecraft:crouch_one_cm":37382,"minecraft:open_chest":70,"tombstone:undead_killed":24,"minecraft:interact_with_smoker":2,"minecraft:fall_one_cm":175851}},"DataVersion":3120}