{"stats":{"minecraft:picked_up":{"biomesoplenty:lavender":25,"minecraft:crafting_table":2,"minecraft:brown_wool":1,"minecraft:leather":3,"paraglider:spirit_orb":2,"minecraft:oak_log":6,"minecraft:dirt":1,"minecraft:smooth_stone_slab":2,"biomesoplenty:tall_lavender":4,"minecraft:beef":6,"minecraft:furnace":1,"minecraft:raw_iron":4,"minecraft:torch":1,"minecraft:porkchop":3,"minecraft:sand":1,"biomesoplenty:flowering_oak_sapling":2,"minecraft:rotten_flesh":1,"minecraft:iron_block":2,"minecraft:oak_sapling":12,"minecraft:coal":1,"minecraft:mutton":1,"minecraft:cobblestone":5},"minecraft:killed":{"minecraft:pig":1,"minecraft:sheep":1,"minecraft:pillager":1,"minecraft:zombie":2,"minecraft:cow":2},"minecraft:custom":{"minecraft:mob_kills":6,"tombstone:raider_killed":1,"minecraft:interact_with_crafting_table":7,"minecraft:open_barrel":5,"minecraft:eat_cake_slice":1,"minecraft:leave_game":11,"minecraft:time_since_death":12001,"minecraft:climb_one_cm":553,"minecraft:time_since_rest":11656,"minecraft:sprint_one_cm":89111,"minecraft:damage_taken":2413,"minecraft:walk_one_cm":110492,"minecraft:drop":56,"minecraft:damage_dealt":1353,"tombstone:cast_on_ally":0,"minecraft:swim_one_cm":15276,"minecraft:fly_one_cm":436858,"minecraft:player_kills":1,"minecraft:open_chest":5,"minecraft:crouch_one_cm":869,"minecraft:play_time":42459,"tombstone:undead_killed":2,"minecraft:deaths":8,"minecraft:sneak_time":290,"minecraft:walk_under_water_one_cm":5046,"minecraft:jump":1464,"minecraft:walk_on_water_one_cm":12374,"minecraft:total_world_time":42459,"minecraft:use_cauldron":4,"minecraft:fall_one_cm":50893},"minecraft:dropped":{"alexsmobs:animal_dictionary":1,"minecraft:smooth_stone_slab":1,"biomesoplenty:lavender":33,"minecraft:rotten_flesh":1,"tconstruct:materials_and_you":1,"tombstone:grave_key":3,"biomesoplenty:flowering_oak_sapling":2,"minecraft:oak_sapling":12,"tombstone:grave_dust":3,"minecraft:wooden_pickaxe":1,"biomesoplenty:tall_lavender":3},"minecraft:crafted":{"minecraft:oak_planks":24,"minecraft:crafting_table":2,"minecraft:wooden_pickaxe":1,"minecraft:iron_sword":1,"minecraft:bucket":1,"minecraft:iron_boots":1,"minecraft:shield":1,"minecraft:iron_axe":1,"minecraft:stick":28,"minecraft:stone_pickaxe":1,"minecraft:iron_ingot":18,"minecraft:iron_pickaxe":1,"minecraft:iron_shovel":1,"minecraft:torch":4},"minecraft:mined":{"minecraft:crafting_table":3,"minecraft:torch":1,"biomesoplenty:bush":2,"minecraft:grass_block":1,"minecraft:tall_grass":2,"minecraft:spawner":1,"biomesoplenty:tall_lavender":2,"minecraft:iron_ore":5,"minecraft:lilac":3,"biomesoplenty:lavender":35,"treechop:chopped_log":1,"minecraft:smooth_stone_slab":1,"biomesoplenty:sea_oats":1,"minecraft:grass":5,"minecraft:sand":1,"minecraft:stone":6,"minecraft:iron_block":2},"minecraft:used":{"minecraft:stone_pickaxe":27,"minecraft:glass_bottle":12,"minecraft:wooden_pickaxe":8,"minecraft:iron_sword":17,"minecraft:torch":1,"minecraft:dirt":26,"minecraft:sand":1,"minecraft:crafting_table":3,"tombstone:scroll_of_aquatic_life":1,"minecraft:iron_axe":1,"minecraft:iron_boots":1,"minecraft:potion":12,"minecraft:beef":6,"minecraft:porkchop":3,"minecraft:bucket":1,"tombstone:gift":6,"minecraft:pumpkin_pie":2,"minecraft:air":3},"minecraft:killed_by":{"minecraft:player":1,"minecraft:spider":1,"minecraft:zombie":3,"sanitydim:rotting_stalker":1}},"DataVersion":3120}