{"stats":{"minecraft:picked_up":{"biomesoplenty:lavender":25,"minecraft:crafting_table":1,"minecraft:raw_iron":4,"paraglider:spirit_orb":2,"minecraft:sand":1,"minecraft:oak_log":6,"minecraft:dirt":1,"minecraft:smooth_stone_slab":1,"biomesoplenty:flowering_oak_sapling":2,"biomesoplenty:tall_lavender":4,"minecraft:rotten_flesh":1,"minecraft:iron_block":2,"minecraft:oak_sapling":12,"minecraft:cobblestone":5},"minecraft:killed":{"minecraft:zombie":2},"minecraft:custom":{"minecraft:time_since_rest":386,"minecraft:sprint_one_cm":63586,"minecraft:damage_taken":2125,"minecraft:walk_one_cm":77495,"minecraft:mob_kills":2,"minecraft:drop":55,"minecraft:damage_dealt":733,"minecraft:swim_one_cm":6669,"minecraft:interact_with_crafting_table":3,"minecraft:fly_one_cm":335579,"minecraft:player_kills":1,"minecraft:crouch_one_cm":869,"minecraft:play_time":31189,"tombstone:undead_killed":2,"minecraft:deaths":8,"minecraft:sneak_time":192,"minecraft:walk_under_water_one_cm":3270,"minecraft:jump":1065,"minecraft:leave_game":9,"minecraft:time_since_death":731,"minecraft:walk_on_water_one_cm":4048,"minecraft:total_world_time":31189,"minecraft:fall_one_cm":36370},"minecraft:dropped":{"tconstruct:materials_and_you":1,"alexsmobs:animal_dictionary":1,"tombstone:grave_key":3,"biomesoplenty:flowering_oak_sapling":2,"minecraft:oak_sapling":12,"biomesoplenty:lavender":33,"tombstone:grave_dust":3,"minecraft:rotten_flesh":1,"minecraft:wooden_pickaxe":1,"biomesoplenty:tall_lavender":3},"minecraft:crafted":{"minecraft:oak_planks":24,"minecraft:crafting_table":1,"minecraft:iron_ingot":18,"minecraft:stick":8,"minecraft:wooden_pickaxe":1,"minecraft:stone_pickaxe":1},"minecraft:mined":{"biomesoplenty:tall_lavender":2,"minecraft:iron_ore":5,"biomesoplenty:lavender":35,"minecraft:lilac":3,"minecraft:smooth_stone_slab":1,"treechop:chopped_log":1,"minecraft:crafting_table":2,"biomesoplenty:sea_oats":1,"minecraft:grass":5,"biomesoplenty:bush":1,"minecraft:grass_block":1,"minecraft:sand":1,"minecraft:tall_grass":2,"minecraft:stone":6,"minecraft:iron_block":2,"minecraft:spawner":1},"minecraft:used":{"minecraft:stone_pickaxe":27,"minecraft:wooden_pickaxe":8,"minecraft:dirt":26,"minecraft:sand":1,"minecraft:crafting_table":2,"tombstone:gift":6},"minecraft:killed_by":{"minecraft:player":1,"sanitydim:rotting_stalker":1,"minecraft:spider":1,"minecraft:zombie":3}},"DataVersion":3120}