{"stats":{"minecraft:picked_up":{"biomesoplenty:lavender":25,"minecraft:crafting_table":2,"minecraft:andesite":1,"minecraft:brown_wool":1,"minecraft:leather":3,"minecraft:gold_block":1,"paraglider:spirit_orb":2,"minecraft:oak_log":12,"minecraft:string":4,"minecraft:dirt":3,"minecraft:smooth_stone_slab":2,"biomesoplenty:tall_lavender":4,"minecraft:spruce_planks":3,"minecraft:beef":9,"minecraft:furnace":1,"minecraft:stick":4,"minecraft:raw_iron":20,"minecraft:torch":12,"minecraft:porkchop":9,"minecraft:sand":1,"minecraft:spider_eye":2,"biomesoplenty:flowering_oak_sapling":2,"minecraft:rotten_flesh":1,"minecraft:iron_block":2,"minecraft:oak_sapling":13,"minecraft:iron_bars":1,"minecraft:mutton":1,"minecraft:coal":37,"minecraft:cobblestone":41},"minecraft:killed":{"minecraft:pig":6,"minecraft:spider":2,"minecraft:sheep":1,"minecraft:pillager":1,"minecraft:zombie":3,"minecraft:cow":3},"minecraft:dropped":{"alexsmobs:animal_dictionary":1,"minecraft:smooth_stone_slab":1,"biomesoplenty:lavender":33,"minecraft:rotten_flesh":1,"tconstruct:materials_and_you":1,"tombstone:grave_key":3,"minecraft:andesite":1,"biomesoplenty:flowering_oak_sapling":2,"minecraft:oak_sapling":12,"tombstone:grave_dust":3,"minecraft:spider_eye":1,"relics:arrow_quiver":1,"minecraft:wooden_pickaxe":1,"biomesoplenty:tall_lavender":3},"minecraft:crafted":{"minecraft:oak_planks":48,"minecraft:crafting_table":2,"minecraft:wooden_pickaxe":1,"minecraft:iron_sword":1,"minecraft:bucket":1,"minecraft:air":0,"minecraft:iron_boots":1,"minecraft:shield":1,"minecraft:iron_axe":1,"minecraft:stick":28,"quark:oak_chest":2,"minecraft:stone_pickaxe":1,"minecraft:iron_ingot":37,"minecraft:iron_pickaxe":1,"minecraft:iron_shovel":1,"minecraft:iron_leggings":1,"minecraft:torch":4,"toughasnails:empty_canteen":1},"minecraft:custom":{"minecraft:interact_with_furnace":13,"minecraft:mob_kills":15,"tombstone:raider_killed":1,"minecraft:interact_with_crafting_table":14,"minecraft:open_barrel":5,"minecraft:eat_cake_slice":1,"minecraft:leave_game":18,"minecraft:time_since_death":8431,"minecraft:sleep_in_bed":1,"minecraft:climb_one_cm":1461,"minecraft:time_since_rest":8075,"minecraft:sprint_one_cm":161819,"minecraft:damage_taken":3391,"minecraft:walk_one_cm":218698,"minecraft:drop":59,"minecraft:damage_dealt":2663,"tombstone:cast_on_ally":0,"minecraft:player_kills":1,"minecraft:swim_one_cm":15977,"minecraft:fly_one_cm":607060,"minecraft:open_chest":29,"minecraft:crouch_one_cm":5229,"minecraft:play_time":81903,"tombstone:undead_killed":3,"minecraft:deaths":11,"minecraft:sneak_time":3099,"minecraft:walk_under_water_one_cm":6747,"minecraft:jump":2160,"minecraft:walk_on_water_one_cm":14423,"minecraft:total_world_time":81903,"minecraft:fall_one_cm":76763,"minecraft:use_cauldron":4},"minecraft:mined":{"minecraft:spruce_planks":3,"minecraft:crafting_table":3,"minecraft:torch":5,"biomesoplenty:bush":2,"minecraft:grass_block":3,"minecraft:tall_grass":2,"minecraft:cobblestone":9,"minecraft:wall_torch":6,"minecraft:spawner":1,"biomesoplenty:tall_lavender":2,"minecraft:iron_ore":21,"minecraft:lilac":3,"biomesoplenty:lavender":35,"minecraft:andesite":1,"treechop:chopped_log":3,"minecraft:gold_block":1,"minecraft:smooth_stone_slab":1,"biomesoplenty:sea_oats":1,"minecraft:grass":11,"minecraft:coal_ore":36,"minecraft:iron_bars":1,"minecraft:sand":1,"minecraft:stone":34,"minecraft:iron_block":2},"minecraft:used":{"minecraft:water_bucket":11,"minecraft:baked_potato":1,"minecraft:stone_pickaxe":27,"minecraft:glass_bottle":23,"minecraft:spruce_planks":2,"minecraft:wooden_pickaxe":8,"minecraft:iron_sword":48,"minecraft:torch":15,"minecraft:dirt":28,"minecraft:sand":1,"minecraft:crafting_table":4,"toughasnails:empty_canteen":1,"tombstone:scroll_of_aquatic_life":1,"minecraft:painting":2,"minecraft:bread":1,"minecraft:iron_axe":14,"minecraft:iron_pickaxe":92,"minecraft:iron_boots":1,"minecraft:golden_carrot":3,"minecraft:cobblestone":36,"minecraft:beef":6,"minecraft:potion":19,"minecraft:oak_sapling":1,"minecraft:furnace":1,"minecraft:porkchop":3,"minecraft:bucket":12,"tombstone:gift":6,"minecraft:pumpkin_pie":5,"quark:oak_chest":2,"minecraft:air":3},"minecraft:killed_by":{"the_silence:the_silence_principal":1,"minecraft:player":1,"minecraft:spider":1,"minecraft:zombie":3,"sanitydim:rotting_stalker":1,"structuresadventures:chicken_warrior":1}},"DataVersion":3120}