{"stats":{"minecraft:custom":{"minecraft:interact_with_smithing_table":1,"minecraft:interact_with_furnace":14,"minecraft:mob_kills":37,"minecraft:interact_with_crafting_table":18,"minecraft:open_barrel":14,"minecraft:eat_cake_slice":3,"minecraft:leave_game":3,"minecraft:time_since_death":5654,"minecraft:sleep_in_bed":5,"minecraft:time_since_rest":908,"minecraft:sprint_one_cm":170679,"minecraft:damage_taken":4500,"minecraft:walk_one_cm":178981,"minecraft:damage_blocked_by_shield":390,"minecraft:trigger_trapped_chest":5,"minecraft:drop":85,"minecraft:damage_dealt":5824,"minecraft:swim_one_cm":19081,"minecraft:fly_one_cm":329768,"minecraft:open_chest":7,"minecraft:crouch_one_cm":4463,"minecraft:play_time":70268,"tombstone:undead_killed":11,"minecraft:deaths":10,"minecraft:sneak_time":2304,"minecraft:walk_under_water_one_cm":3201,"minecraft:boat_one_cm":124882,"minecraft:jump":1543,"minecraft:interact_with_brewingstand":1,"minecraft:interact_with_blast_furnace":1,"minecraft:walk_on_water_one_cm":9630,"minecraft:interact_with_smoker":2,"minecraft:total_world_time":70268,"minecraft:fall_one_cm":50512},"minecraft:crafted":{"minecraft:oak_planks":104,"minecraft:crafting_table":3,"comforts:sleeping_bag_white":1,"minecraft:wooden_pickaxe":1,"minecraft:iron_helmet":1,"minecraft:iron_sword":1,"minecraft:bucket":1,"minecraft:stone_axe":1,"minecraft:air":0,"minecraft:oak_boat":1,"minecraft:iron_boots":1,"minecraft:iron_chestplate":1,"minecraft:wooden_hoe":1,"minecraft:shield":1,"minecraft:stick":8,"minecraft:iron_ingot":26,"minecraft:iron_pickaxe":1,"minecraft:stone_pickaxe":1,"minecraft:iron_shovel":1,"minecraft:torch":36,"toughasnails:empty_canteen":1},"minecraft:killed_by":{"minecraft:player":2,"minecraft:skeleton":1,"minecraft:creeper":3,"minecraft:spider":1,"minecraft:zombie":1,"eyesinthedark:eyes_in_the_dark":2},"minecraft:used":{"minecraft:writable_book":1,"minecraft:stone_pickaxe":42,"biomesoplenty:glowing_moss_block":1,"minecraft:shield":5,"minecraft:wooden_pickaxe":3,"minecraft:iron_sword":59,"minecraft:diamond_axe":5,"toughasnails:water_canteen":5,"minecraft:iron_chestplate":1,"minecraft:torch":21,"minecraft:golden_apple":1,"minecraft:dirt":13,"minecraft:mutton":3,"minecraft:crafting_table":5,"toughasnails:empty_canteen":1,"minecraft:tuff":1,"minecraft:apple":2,"minecraft:iron_pickaxe":105,"minecraft:iron_boots":1,"minecraft:stone_axe":60,"minecraft:cobblestone":14,"minecraft:golden_carrot":12,"minecraft:beef":2,"tombstone:gift":4,"minecraft:oak_boat":1,"comforts:sleeping_bag_white":1,"minecraft:cobbled_deepslate":32},"minecraft:broken":{"toughasnails:water_canteen":1},"minecraft:mined":{"biomesoplenty:glowing_moss_block":1,"minecraft:tuff":4,"tconstruct:sky_slime_tall_grass":1,"minecraft:deepslate_diamond_ore":13,"minecraft:crafting_table":4,"minecraft:blast_furnace":1,"minecraft:grass_block":1,"minecraft:tall_grass":1,"minecraft:deepslate_gold_ore":23,"minecraft:wall_torch":1,"comforts:sleeping_bag_white":1,"minecraft:furnace":1,"minecraft:iron_ore":23,"treechop:chopped_log":6,"minecraft:deepslate_iron_ore":27,"minecraft:stone":20,"minecraft:deepslate":38,"minecraft:fern":2},"minecraft:picked_up":{"minecraft:crafting_table":4,"minecraft:glow_ink_sac":7,"minecraft:leather":6,"minecraft:golden_shovel":1,"biomesoplenty:violet":2,"minecraft:tuff":4,"minecraft:oak_log":46,"minecraft:string":3,"minecraft:dirt":17,"minecraft:bone":6,"minecraft:apple":5,"alexsmobs:cockroach_wing_fragment":1,"minecraft:wheat_seeds":2,"minecraft:cobbled_deepslate":55,"minecraft:raw_gold":26,"comforts:sleeping_bag_white":1,"minecraft:iron_ingot":1,"minecraft:beef":12,"minecraft:sugar_cane":4,"minecraft:oak_planks":1,"minecraft:furnace":1,"minecraft:raw_iron":59,"minecraft:stick":48,"minecraft:torch":1,"minecraft:porkchop":6,"minecraft:spruce_sapling":1,"tombstone:grave_dust":2,"minecraft:blast_furnace":1,"biomesoplenty:glowing_moss_block":1,"minecraft:spider_eye":1,"biomesoplenty:maple_sapling":55,"minecraft:arrow":3,"minecraft:rotten_flesh":2,"minecraft:diamond":13,"artifacts:running_shoes":1,"minecraft:mutton":10,"minecraft:white_wool":7,"minecraft:cobblestone":20},"minecraft:dropped":{"minecraft:sugar_cane":4,"minecraft:wheat_seeds":1,"alexsmobs:animal_dictionary":1,"minecraft:crafting_table":1,"biomesoplenty:maple_sapling":55,"minecraft:apple":3,"minecraft:golden_shovel":1,"minecraft:stick":4,"biomesoplenty:violet":2,"minecraft:dirt":1,"tconstruct:materials_and_you":1,"minecraft:golden_carrot":8,"minecraft:wooden_hoe":1,"minecraft:wooden_pickaxe":1,"minecraft:spruce_sapling":1},"minecraft:killed":{"minecraft:pig":4,"minecraft:spider":5,"minecraft:bat":1,"tconstruct:sky_slime":1,"minecraft:sheep":8,"minecraft:skeleton":3,"alexsmobs:cockroach":1,"minecraft:zombie":8,"minecraft:cow":7}},"DataVersion":3120}