{"stats":{"minecraft:picked_up":{"biomesoplenty:lavender":24,"minecraft:crafting_table":1,"minecraft:raw_iron":2,"minecraft:sand":1,"minecraft:oak_log":6,"biomesoplenty:flowering_oak_sapling":2,"biomesoplenty:tall_lavender":4,"minecraft:rotten_flesh":1,"minecraft:iron_block":2,"minecraft:oak_sapling":12,"minecraft:cobblestone":5},"minecraft:killed":{"minecraft:zombie":1},"minecraft:custom":{"minecraft:time_since_rest":960,"minecraft:sprint_one_cm":54925,"minecraft:damage_taken":1665,"minecraft:walk_one_cm":59955,"minecraft:mob_kills":1,"minecraft:drop":53,"minecraft:damage_dealt":481,"minecraft:swim_one_cm":4861,"minecraft:interact_with_crafting_table":3,"minecraft:fly_one_cm":282646,"minecraft:player_kills":1,"minecraft:crouch_one_cm":438,"minecraft:play_time":25189,"tombstone:undead_killed":1,"minecraft:deaths":6,"minecraft:sneak_time":87,"minecraft:walk_under_water_one_cm":1480,"minecraft:jump":888,"minecraft:leave_game":9,"minecraft:time_since_death":2294,"minecraft:walk_on_water_one_cm":498,"minecraft:total_world_time":25189,"minecraft:fall_one_cm":27464},"minecraft:dropped":{"tconstruct:materials_and_you":1,"alexsmobs:animal_dictionary":1,"tombstone:grave_key":3,"biomesoplenty:flowering_oak_sapling":2,"minecraft:oak_sapling":12,"biomesoplenty:lavender":33,"tombstone:grave_dust":2,"minecraft:rotten_flesh":1,"biomesoplenty:tall_lavender":3},"minecraft:crafted":{"minecraft:oak_planks":24,"minecraft:crafting_table":1,"minecraft:stick":8,"minecraft:wooden_pickaxe":1,"minecraft:stone_pickaxe":1},"minecraft:mined":{"biomesoplenty:tall_lavender":1,"minecraft:iron_ore":3,"biomesoplenty:lavender":34,"minecraft:lilac":3,"treechop:chopped_log":1,"minecraft:crafting_table":2,"minecraft:grass":5,"biomesoplenty:bush":1,"minecraft:sand":1,"minecraft:tall_grass":2,"minecraft:stone":6,"minecraft:iron_block":2},"minecraft:used":{"minecraft:stone_pickaxe":8,"minecraft:wooden_pickaxe":8,"minecraft:sand":1,"minecraft:crafting_table":2,"tombstone:gift":6},"minecraft:killed_by":{"minecraft:player":1,"sanitydim:rotting_stalker":1,"minecraft:spider":1,"minecraft:zombie":2}},"DataVersion":3120}