{"stats":{"minecraft:custom":{"minecraft:interact_with_smithing_table":1,"minecraft:mob_kills":56,"minecraft:interact_with_anvil":1,"minecraft:interact_with_crafting_table":22,"minecraft:open_barrel":17,"minecraft:eat_cake_slice":3,"minecraft:leave_game":8,"minecraft:time_since_death":4147,"minecraft:climb_one_cm":4365,"minecraft:sprint_one_cm":475302,"minecraft:walk_one_cm":378319,"minecraft:damage_blocked_by_shield":390,"minecraft:drop":87,"minecraft:play_time":142584,"minecraft:deaths":17,"minecraft:sneak_time":3323,"minecraft:walk_under_water_one_cm":9611,"minecraft:boat_one_cm":124882,"minecraft:jump":3047,"minecraft:interact_with_brewingstand":1,"minecraft:interact_with_blast_furnace":1,"minecraft:walk_on_water_one_cm":52005,"minecraft:total_world_time":142584,"minecraft:interact_with_furnace":14,"minecraft:sleep_in_bed":9,"minecraft:time_since_rest":3847,"minecraft:damage_taken":6937,"minecraft:trigger_trapped_chest":5,"minecraft:damage_dealt":9066,"minecraft:swim_one_cm":43779,"minecraft:fly_one_cm":676486,"minecraft:open_chest":15,"minecraft:crouch_one_cm":6083,"tombstone:undead_killed":17,"minecraft:interact_with_smoker":2,"minecraft:fall_one_cm":103297},"minecraft:crafted":{"minecraft:oak_planks":204,"comforts:sleeping_bag_white":1,"minecraft:iron_boots":1,"minecraft:stone_pickaxe":1,"minecraft:crafting_table":3,"minecraft:wooden_pickaxe":1,"minecraft:iron_helmet":1,"minecraft:iron_sword":1,"minecraft:bucket":1,"minecraft:stone_axe":1,"minecraft:air":0,"minecraft:oak_boat":1,"minecraft:iron_chestplate":1,"minecraft:wooden_hoe":1,"minecraft:shield":1,"minecraft:stick":8,"quark:oak_chest":4,"minecraft:iron_ingot":26,"minecraft:iron_pickaxe":1,"minecraft:iron_shovel":1,"minecraft:torch":68,"toughasnails:empty_canteen":1},"minecraft:killed_by":{"minecraft:player":2,"minecraft:creeper":4,"minecraft:spider":1,"structuresadventures:chicken_warrior":3,"minecraft:skeleton":2,"minecraft:zombie":1,"eyesinthedark:eyes_in_the_dark":2,"sleep_killer:sleep_killer":1},"minecraft:used":{"minecraft:writable_book":1,"biomesoplenty:glowing_moss_block":1,"minecraft:shield":5,"minecraft:iron_sword":131,"minecraft:iron_chestplate":1,"minecraft:torch":47,"minecraft:dirt":31,"minecraft:mutton":9,"toughasnails:empty_canteen":4,"minecraft:tuff":1,"minecraft:iron_boots":1,"minecraft:golden_carrot":19,"minecraft:beef":12,"tombstone:gift":4,"comforts:sleeping_bag_white":6,"minecraft:cobbled_deepslate":32,"minecraft:water_bucket":24,"minecraft:stone_pickaxe":42,"minecraft:oak_planks":59,"minecraft:wooden_pickaxe":3,"minecraft:diamond_axe":160,"toughasnails:water_canteen":46,"minecraft:golden_apple":1,"minecraft:crafting_table":6,"minecraft:black_wool":1,"minecraft:apple":2,"minecraft:diamond_shovel":274,"minecraft:iron_pickaxe":175,"tombstone:magic_scroll":1,"minecraft:stone_axe":60,"minecraft:cobblestone":14,"minecraft:porkchop":3,"minecraft:bucket":25,"quark:oak_chest":4,"minecraft:oak_boat":1},"minecraft:broken":{"toughasnails:water_canteen":4},"minecraft:mined":{"biomesoplenty:glowing_moss_block":1,"minecraft:tuff":4,"minecraft:deepslate_diamond_ore":16,"minecraft:grass_block":241,"comforts:sleeping_bag_white":2,"minecraft:furnace":1,"minecraft:iron_ore":23,"treechop:chopped_log":30,"minecraft:anvil":1,"minecraft:deepslate_iron_ore":43,"minecraft:stone":20,"tconstruct:sky_slime_tall_grass":1,"minecraft:crafting_table":4,"minecraft:torch":1,"minecraft:blast_furnace":1,"minecraft:tall_grass":4,"minecraft:deepslate_gold_ore":32,"minecraft:oak_planks":5,"minecraft:wall_torch":1,"biomesoplenty:clover":3,"minecraft:grass":121,"minecraft:oak_log":1,"minecraft:sand":1,"minecraft:dirt":29,"minecraft:wither_skeleton_skull":1,"minecraft:oak_leaves":5,"minecraft:deepslate":78,"minecraft:fern":2},"minecraft:picked_up":{"minecraft:crafting_table":4,"biomesoplenty:violet":2,"minecraft:golden_shovel":1,"minecraft:string":4,"minecraft:cobbled_deepslate":85,"comforts:sleeping_bag_white":6,"minecraft:beef":29,"minecraft:sugar_cane":4,"minecraft:furnace":1,"minecraft:raw_iron":75,"minecraft:stick":93,"minecraft:torch":3,"minecraft:porkchop":6,"tombstone:grave_dust":2,"minecraft:arrow":8,"minecraft:rotten_flesh":2,"artifacts:running_shoes":1,"minecraft:mutton":17,"minecraft:white_wool":7,"minecraft:cobblestone":20,"minecraft:glow_ink_sac":7,"minecraft:leather":11,"minecraft:tuff":4,"minecraft:oak_log":181,"minecraft:gunpowder":2,"minecraft:wither_skeleton_skull":1,"minecraft:dirt":283,"minecraft:bone":13,"minecraft:apple":10,"minecraft:wheat_seeds":9,"alexsmobs:cockroach_wing_fragment":1,"minecraft:raw_gold":35,"minecraft:iron_ingot":1,"minecraft:oak_planks":8,"minecraft:spruce_sapling":1,"minecraft:blast_furnace":1,"biomesoplenty:glowing_moss_block":1,"minecraft:spider_eye":1,"biomesoplenty:maple_sapling":55,"minecraft:diamond":16,"minecraft:oak_sapling":64,"minecraft:black_wool":1},"minecraft:dropped":{"minecraft:wheat_seeds":1,"minecraft:crafting_table":1,"biomesoplenty:maple_sapling":55,"minecraft:apple":3,"minecraft:stick":4,"biomesoplenty:violet":2,"minecraft:dirt":1,"tconstruct:materials_and_you":1,"minecraft:golden_carrot":8,"minecraft:wooden_hoe":1,"minecraft:mutton":7,"minecraft:spruce_sapling":1,"minecraft:sugar_cane":4,"minecraft:cobbled_deepslate":2,"alexsmobs:animal_dictionary":1,"minecraft:golden_shovel":1,"minecraft:wooden_pickaxe":1},"minecraft:killed":{"minecraft:spider":6,"tconstruct:sky_slime":1,"minecraft:skeleton":8,"minecraft:chicken":1,"minecraft:pig":4,"sleep_killer:sleep_killer":3,"minecraft:bat":1,"minecraft:creeper":1,"minecraft:sheep":9,"minecraft:zombie":9,"alexsmobs:cockroach":1,"minecraft:cow":15}},"DataVersion":3120}