{"stats":{"minecraft:killed_by":{"minecraft:player":1},"minecraft:custom":{"minecraft:time_since_rest":1,"minecraft:crouch_one_cm":6,"minecraft:sprint_one_cm":5659,"minecraft:play_time":7747,"minecraft:deaths":1,"minecraft:damage_taken":225,"minecraft:walk_one_cm":6338,"minecraft:sneak_time":30,"minecraft:walk_under_water_one_cm":611,"minecraft:drop":4,"minecraft:jump":113,"minecraft:damage_dealt":195,"minecraft:leave_game":2,"minecraft:time_since_death":179,"minecraft:walk_on_water_one_cm":135,"minecraft:total_world_time":7747,"minecraft:swim_one_cm":1546,"minecraft:fall_one_cm":4947,"minecraft:fly_one_cm":25949,"minecraft:player_kills":1},"minecraft:dropped":{"tconstruct:materials_and_you":1,"alexsmobs:animal_dictionary":1,"biomesoplenty:tall_lavender":1,"biomesoplenty:lavender":1},"minecraft:picked_up":{"biomesoplenty:lavender":2,"biomesoplenty:tall_lavender":1}},"DataVersion":3120}