{"stats":{"minecraft:mined":{"minecraft:grass":1,"biomesoplenty:bush":1,"minecraft:tall_grass":2,"biomesoplenty:lavender":8},"minecraft:used":{"tombstone:gift":2},"minecraft:killed":{"minecraft:zombie":1},"minecraft:dropped":{"tombstone:grave_dust":1,"minecraft:rotten_flesh":1,"tconstruct:materials_and_you":1,"alexsmobs:animal_dictionary":1,"tombstone:grave_key":2,"biomesoplenty:tall_lavender":3,"minecraft:oak_sapling":11,"biomesoplenty:lavender":9},"minecraft:custom":{"minecraft:time_since_rest":0,"minecraft:damage_taken":1095,"minecraft:crouch_one_cm":143,"minecraft:play_time":18223,"minecraft:sprint_one_cm":30269,"minecraft:walk_one_cm":37591,"tombstone:undead_killed":1,"minecraft:deaths":4,"minecraft:sneak_time":64,"minecraft:walk_under_water_one_cm":1024,"minecraft:mob_kills":1,"minecraft:drop":24,"minecraft:jump":506,"minecraft:damage_dealt":442,"minecraft:leave_game":5,"minecraft:time_since_death":0,"minecraft:walk_on_water_one_cm":365,"minecraft:total_world_time":18223,"minecraft:swim_one_cm":1546,"minecraft:fly_one_cm":152302,"minecraft:player_kills":1,"minecraft:fall_one_cm":15302},"minecraft:killed_by":{"minecraft:spider":1,"minecraft:player":1,"sanitydim:rotting_stalker":1},"minecraft:picked_up":{"biomesoplenty:lavender":12,"biomesoplenty:tall_lavender":3,"minecraft:rotten_flesh":1,"minecraft:oak_sapling":11}},"DataVersion":3120}