{"stats":{"minecraft:custom":{"minecraft:time_since_rest":738,"minecraft:sprint_one_cm":32573,"minecraft:damage_taken":530,"minecraft:walk_one_cm":31116,"minecraft:mob_kills":5,"minecraft:drop":71,"minecraft:damage_dealt":722,"minecraft:swim_one_cm":8824,"minecraft:interact_with_crafting_table":5,"minecraft:fly_one_cm":38887,"minecraft:open_barrel":3,"minecraft:crouch_one_cm":493,"minecraft:play_time":11836,"minecraft:deaths":1,"minecraft:sneak_time":209,"minecraft:walk_under_water_one_cm":368,"minecraft:boat_one_cm":6253,"minecraft:jump":185,"minecraft:walk_on_water_one_cm":1202,"minecraft:time_since_death":1214,"minecraft:total_world_time":11836,"minecraft:fall_one_cm":7175},"minecraft:crafted":{"minecraft:oak_boat":1,"minecraft:oak_planks":104,"minecraft:wooden_hoe":1,"minecraft:crafting_table":1,"minecraft:stick":8,"minecraft:wooden_pickaxe":1,"minecraft:stone_pickaxe":1,"minecraft:stone_axe":1},"minecraft:killed_by":{"eyesinthedark:eyes_in_the_dark":1},"minecraft:used":{"minecraft:writable_book":1,"minecraft:apple":2,"minecraft:stone_pickaxe":3,"minecraft:wooden_pickaxe":3,"minecraft:stone_axe":31,"minecraft:dirt":1,"minecraft:mutton":3,"minecraft:crafting_table":2,"minecraft:oak_boat":1},"minecraft:mined":{"treechop:chopped_log":6,"minecraft:crafting_table":1,"minecraft:grass_block":1,"minecraft:tall_grass":1,"minecraft:stone":6,"minecraft:fern":2},"minecraft:picked_up":{"minecraft:stick":44,"minecraft:crafting_table":1,"biomesoplenty:violet":2,"minecraft:oak_log":46,"minecraft:spruce_sapling":1,"minecraft:dirt":16,"biomesoplenty:maple_sapling":55,"minecraft:apple":5,"minecraft:wheat_seeds":2,"minecraft:beef":3,"minecraft:sugar_cane":4,"minecraft:mutton":6,"minecraft:white_wool":4,"minecraft:cobblestone":6},"minecraft:dropped":{"biomesoplenty:violet":2,"minecraft:sugar_cane":4,"minecraft:wheat_seeds":1,"tconstruct:materials_and_you":1,"alexsmobs:animal_dictionary":1,"minecraft:wooden_hoe":1,"biomesoplenty:maple_sapling":53,"minecraft:apple":3,"minecraft:spruce_sapling":1,"minecraft:stick":4},"minecraft:killed":{"minecraft:sheep":4,"minecraft:spider":1,"minecraft:cow":1}},"DataVersion":3120}