{"stats":{"minecraft:custom":{"minecraft:interact_with_smithing_table":1,"minecraft:mob_kills":60,"minecraft:interact_with_anvil":1,"minecraft:interact_with_crafting_table":34,"minecraft:open_barrel":17,"minecraft:eat_cake_slice":3,"minecraft:leave_game":10,"minecraft:time_since_death":3844,"minecraft:climb_one_cm":4365,"minecraft:sprint_one_cm":708899,"minecraft:walk_one_cm":725487,"minecraft:damage_blocked_by_shield":510,"minecraft:drop":91,"minecraft:play_time":221356,"minecraft:deaths":21,"minecraft:sneak_time":5909,"minecraft:walk_under_water_one_cm":11836,"minecraft:boat_one_cm":124882,"minecraft:jump":4136,"minecraft:interact_with_brewingstand":1,"minecraft:interact_with_blast_furnace":5,"minecraft:walk_on_water_one_cm":54547,"minecraft:total_world_time":221356,"minecraft:interact_with_furnace":35,"minecraft:sleep_in_bed":15,"minecraft:time_since_rest":3592,"minecraft:damage_taken":8047,"minecraft:trigger_trapped_chest":5,"minecraft:damage_dealt":10371,"minecraft:swim_one_cm":43779,"minecraft:fly_one_cm":958991,"minecraft:open_chest":44,"minecraft:crouch_one_cm":16395,"tombstone:undead_killed":20,"minecraft:interact_with_smoker":2,"minecraft:fall_one_cm":132856},"minecraft:crafted":{"minecraft:oak_planks":920,"comforts:sleeping_bag_white":1,"quark:deepslate_furnace":4,"minecraft:glass":7,"minecraft:iron_boots":1,"minecraft:stone_pickaxe":1,"minecraft:oak_slab":12,"minecraft:crafting_table":3,"minecraft:wooden_pickaxe":1,"minecraft:iron_helmet":1,"minecraft:iron_sword":1,"minecraft:bucket":1,"minecraft:stone_axe":1,"minecraft:air":0,"minecraft:oak_boat":1,"minecraft:iron_chestplate":1,"minecraft:wooden_hoe":1,"minecraft:charcoal":1,"toughasnails:water_purifier":1,"minecraft:shield":1,"minecraft:stick":8,"quark:oak_chest":4,"minecraft:iron_ingot":82,"minecraft:iron_pickaxe":1,"minecraft:oak_stairs":204,"minecraft:iron_shovel":1,"minecraft:white_bed":1,"minecraft:torch":68,"toughasnails:empty_canteen":1},"minecraft:killed_by":{"the_silence:the_silence_principal":3,"minecraft:player":2,"minecraft:creeper":4,"minecraft:spider":1,"alexsmobs:tiger":1,"structuresadventures:chicken_warrior":3,"minecraft:skeleton":2,"minecraft:zombie":1,"eyesinthedark:eyes_in_the_dark":2,"sleep_killer:sleep_killer":1},"minecraft:used":{"minecraft:writable_book":1,"toughasnails:water_purifier":2,"biomesoplenty:glowing_moss_block":1,"minecraft:shield":7,"minecraft:iron_sword":164,"minecraft:iron_chestplate":1,"minecraft:torch":72,"minecraft:dirt":436,"minecraft:mutton":9,"toughasnails:empty_canteen":7,"minecraft:tuff":1,"quark:deepslate_furnace":4,"minecraft:oak_stairs":281,"minecraft:iron_boots":1,"minecraft:golden_carrot":28,"minecraft:beef":12,"minecraft:furnace":1,"tombstone:gift":4,"comforts:sleeping_bag_white":13,"minecraft:cobbled_deepslate":32,"minecraft:water_bucket":33,"minecraft:oak_planks":665,"minecraft:stone_pickaxe":42,"minecraft:wooden_pickaxe":3,"minecraft:diamond_axe":485,"toughasnails:water_canteen":65,"minecraft:golden_apple":1,"minecraft:oak_slab":3,"minecraft:crafting_table":7,"minecraft:blast_furnace":1,"minecraft:white_bed":1,"minecraft:oak_log":43,"minecraft:black_wool":1,"minecraft:apple":2,"minecraft:diamond_shovel":749,"minecraft:iron_pickaxe":176,"tombstone:magic_scroll":1,"minecraft:spruce_sapling":4,"minecraft:stone_axe":60,"minecraft:cobblestone":14,"minecraft:porkchop":3,"minecraft:bucket":34,"quark:oak_chest":4,"minecraft:oak_boat":1,"the_silence:sad_satan":1},"minecraft:broken":{"toughasnails:water_canteen":6},"minecraft:mined":{"biomesoplenty:glowing_moss_block":1,"minecraft:tuff":4,"minecraft:deepslate_diamond_ore":16,"the_silence:sad_satan":14,"minecraft:grass_block":680,"comforts:sleeping_bag_white":3,"minecraft:spruce_sapling":4,"minecraft:furnace":1,"minecraft:iron_ore":23,"treechop:chopped_log":47,"minecraft:anvil":1,"minecraft:deepslate_iron_ore":43,"minecraft:oak_stairs":77,"minecraft:stone":20,"minecraft:oak_slab":1,"tconstruct:sky_slime_tall_grass":1,"toughasnails:water_purifier":1,"minecraft:crafting_table":5,"minecraft:torch":4,"minecraft:blast_furnace":1,"minecraft:tall_grass":10,"minecraft:deepslate_gold_ore":32,"minecraft:oak_planks":134,"minecraft:wall_torch":1,"minecraft:grass":290,"biomesoplenty:clover":3,"minecraft:oak_log":6,"minecraft:sand":22,"minecraft:dirt":48,"minecraft:wither_skeleton_skull":1,"minecraft:oak_leaves":9,"minecraft:deepslate":78,"minecraft:fern":2},"minecraft:picked_up":{"minecraft:crafting_table":5,"minecraft:leather_leggings":1,"minecraft:oak_stairs":77,"biomesoplenty:violet":2,"minecraft:golden_shovel":1,"minecraft:string":4,"minecraft:glass_pane":15,"minecraft:cobbled_deepslate":85,"comforts:sleeping_bag_white":13,"minecraft:beef":29,"minecraft:sugar_cane":9,"minecraft:furnace":1,"minecraft:stick":111,"minecraft:raw_iron":75,"minecraft:torch":7,"the_silence:sad_satan":13,"minecraft:porkchop":6,"tombstone:grave_dust":2,"minecraft:arrow":8,"minecraft:rotten_flesh":4,"artifacts:running_shoes":1,"minecraft:mutton":17,"minecraft:white_wool":7,"minecraft:cobblestone":20,"minecraft:glow_ink_sac":7,"minecraft:leather":11,"minecraft:tuff":4,"minecraft:oak_log":274,"minecraft:gunpowder":2,"minecraft:wither_skeleton_skull":1,"minecraft:dirt":742,"minecraft:bone":13,"minecraft:apple":12,"minecraft:wheat_seeds":25,"minecraft:raw_gold":35,"alexsmobs:cockroach_wing_fragment":1,"minecraft:iron_ingot":1,"minecraft:oak_planks":137,"minecraft:oak_slab":1,"minecraft:sand":21,"minecraft:spruce_sapling":9,"minecraft:blast_furnace":1,"minecraft:spruce_log":17,"biomesoplenty:glowing_moss_block":1,"minecraft:spider_eye":1,"biomesoplenty:maple_sapling":55,"toughasnails:water_purifier":1,"minecraft:diamond":16,"minecraft:oak_sapling":102,"minecraft:black_wool":1},"minecraft:dropped":{"minecraft:wheat_seeds":1,"minecraft:crafting_table":1,"biomesoplenty:maple_sapling":55,"minecraft:apple":3,"minecraft:stick":4,"biomesoplenty:violet":2,"minecraft:dirt":1,"tconstruct:materials_and_you":1,"minecraft:golden_carrot":8,"minecraft:wooden_hoe":1,"minecraft:mutton":7,"the_silence:sad_satan":12,"minecraft:spruce_sapling":1,"minecraft:sugar_cane":4,"alexsmobs:animal_dictionary":1,"minecraft:cobbled_deepslate":2,"minecraft:rotten_flesh":2,"minecraft:golden_shovel":1,"minecraft:leather_leggings":1,"minecraft:wooden_pickaxe":1},"minecraft:killed":{"alexsmobs:raccoon":1,"minecraft:spider":6,"tconstruct:sky_slime":1,"minecraft:skeleton":8,"minecraft:chicken":1,"minecraft:pig":4,"sleep_killer:sleep_killer":3,"minecraft:bat":1,"minecraft:creeper":1,"minecraft:sheep":9,"minecraft:zombie":12,"alexsmobs:cockroach":1,"minecraft:cow":15}},"DataVersion":3120}