{"stats":{"minecraft:custom":{"minecraft:interact_with_furnace":13,"minecraft:mob_kills":22,"minecraft:interact_with_crafting_table":16,"minecraft:open_barrel":8,"minecraft:leave_game":3,"minecraft:time_since_death":14340,"minecraft:time_since_rest":13959,"minecraft:sprint_one_cm":97172,"minecraft:damage_taken":3551,"minecraft:walk_one_cm":113886,"minecraft:drop":83,"minecraft:damage_dealt":3064,"minecraft:swim_one_cm":19081,"minecraft:fly_one_cm":176356,"minecraft:open_chest":3,"minecraft:crouch_one_cm":1401,"minecraft:play_time":46268,"tombstone:undead_killed":3,"minecraft:deaths":6,"minecraft:sneak_time":1210,"minecraft:walk_under_water_one_cm":3201,"minecraft:boat_one_cm":124882,"minecraft:jump":921,"minecraft:interact_with_brewingstand":1,"minecraft:walk_on_water_one_cm":7496,"minecraft:total_world_time":46268,"minecraft:fall_one_cm":36369},"minecraft:crafted":{"minecraft:oak_planks":104,"minecraft:crafting_table":3,"comforts:sleeping_bag_white":1,"minecraft:wooden_pickaxe":1,"minecraft:iron_helmet":1,"minecraft:iron_sword":1,"minecraft:stone_axe":1,"minecraft:air":0,"minecraft:oak_boat":1,"minecraft:iron_boots":1,"minecraft:iron_chestplate":1,"minecraft:wooden_hoe":1,"minecraft:shield":1,"minecraft:stick":8,"minecraft:iron_ingot":26,"minecraft:iron_pickaxe":1,"minecraft:stone_pickaxe":1,"minecraft:iron_shovel":1,"minecraft:torch":20,"toughasnails:empty_canteen":1},"minecraft:killed_by":{"minecraft:player":2,"minecraft:creeper":2,"eyesinthedark:eyes_in_the_dark":2},"minecraft:used":{"minecraft:writable_book":1,"minecraft:stone_pickaxe":42,"minecraft:wooden_pickaxe":3,"minecraft:iron_sword":4,"minecraft:diamond_axe":4,"toughasnails:water_canteen":5,"minecraft:iron_chestplate":1,"minecraft:torch":20,"minecraft:dirt":1,"minecraft:mutton":3,"minecraft:crafting_table":4,"toughasnails:empty_canteen":1,"minecraft:tuff":1,"minecraft:apple":2,"minecraft:iron_pickaxe":50,"minecraft:iron_boots":1,"minecraft:stone_axe":60,"minecraft:golden_carrot":10,"minecraft:beef":2,"tombstone:gift":2,"minecraft:oak_boat":1,"comforts:sleeping_bag_white":1,"minecraft:cobbled_deepslate":23},"minecraft:broken":{"toughasnails:water_canteen":1},"minecraft:mined":{"minecraft:tuff":2,"tconstruct:sky_slime_tall_grass":1,"minecraft:deepslate_diamond_ore":2,"minecraft:crafting_table":3,"minecraft:grass_block":1,"minecraft:tall_grass":1,"minecraft:deepslate_gold_ore":17,"comforts:sleeping_bag_white":1,"minecraft:furnace":1,"minecraft:iron_ore":23,"treechop:chopped_log":6,"minecraft:deepslate_iron_ore":6,"minecraft:stone":20,"minecraft:deepslate":24,"minecraft:fern":2},"minecraft:picked_up":{"minecraft:crafting_table":3,"minecraft:glow_ink_sac":6,"minecraft:leather":6,"biomesoplenty:violet":2,"minecraft:tuff":2,"minecraft:oak_log":46,"minecraft:dirt":16,"minecraft:bone":1,"minecraft:apple":5,"minecraft:wheat_seeds":2,"minecraft:cobbled_deepslate":23,"minecraft:raw_gold":17,"comforts:sleeping_bag_white":1,"minecraft:iron_ingot":1,"minecraft:beef":12,"minecraft:sugar_cane":4,"minecraft:furnace":1,"minecraft:raw_iron":30,"minecraft:stick":44,"minecraft:porkchop":6,"minecraft:spruce_sapling":1,"biomesoplenty:maple_sapling":55,"minecraft:arrow":3,"minecraft:diamond":2,"minecraft:mutton":10,"minecraft:white_wool":7,"minecraft:cobblestone":20},"minecraft:dropped":{"minecraft:sugar_cane":4,"minecraft:wheat_seeds":1,"alexsmobs:animal_dictionary":1,"minecraft:crafting_table":1,"biomesoplenty:maple_sapling":55,"minecraft:apple":3,"minecraft:stick":4,"biomesoplenty:violet":2,"tconstruct:materials_and_you":1,"minecraft:golden_carrot":8,"minecraft:wooden_hoe":1,"minecraft:wooden_pickaxe":1,"minecraft:spruce_sapling":1},"minecraft:killed":{"minecraft:pig":4,"minecraft:spider":1,"tconstruct:sky_slime":1,"minecraft:sheep":8,"minecraft:skeleton":2,"minecraft:zombie":1,"minecraft:cow":7}},"DataVersion":3120}