{"stats":{"minecraft:custom":{"minecraft:interact_with_furnace":2,"minecraft:mob_kills":21,"minecraft:interact_with_crafting_table":8,"minecraft:open_barrel":7,"minecraft:leave_game":3,"minecraft:time_since_death":2340,"minecraft:time_since_rest":1959,"minecraft:sprint_one_cm":79830,"minecraft:damage_taken":3489,"minecraft:walk_one_cm":77970,"minecraft:drop":81,"minecraft:damage_dealt":2864,"minecraft:swim_one_cm":19081,"minecraft:fly_one_cm":158489,"minecraft:open_chest":2,"minecraft:crouch_one_cm":729,"minecraft:play_time":34268,"tombstone:undead_killed":2,"minecraft:deaths":6,"minecraft:sneak_time":856,"minecraft:walk_under_water_one_cm":2660,"minecraft:boat_one_cm":124882,"minecraft:jump":654,"minecraft:interact_with_brewingstand":1,"minecraft:walk_on_water_one_cm":5953,"minecraft:total_world_time":34268,"minecraft:fall_one_cm":32288},"minecraft:crafted":{"minecraft:oak_planks":104,"minecraft:crafting_table":3,"comforts:sleeping_bag_white":1,"minecraft:wooden_pickaxe":1,"minecraft:stone_axe":1,"minecraft:air":0,"minecraft:oak_boat":1,"minecraft:wooden_hoe":1,"minecraft:stick":8,"minecraft:iron_ingot":4,"minecraft:stone_pickaxe":1,"minecraft:torch":20,"toughasnails:empty_canteen":1},"minecraft:killed_by":{"minecraft:player":2,"minecraft:creeper":2,"eyesinthedark:eyes_in_the_dark":2},"minecraft:used":{"minecraft:writable_book":1,"minecraft:stone_pickaxe":42,"minecraft:wooden_pickaxe":3,"minecraft:diamond_axe":3,"toughasnails:water_canteen":1,"minecraft:torch":14,"minecraft:dirt":1,"minecraft:mutton":3,"minecraft:crafting_table":4,"toughasnails:empty_canteen":1,"minecraft:apple":2,"minecraft:stone_axe":60,"minecraft:golden_carrot":8,"minecraft:beef":2,"minecraft:oak_boat":1},"minecraft:mined":{"tconstruct:sky_slime_tall_grass":1,"minecraft:crafting_table":2,"minecraft:grass_block":1,"minecraft:tall_grass":1,"minecraft:iron_ore":23,"treechop:chopped_log":6,"minecraft:deepslate_iron_ore":1,"minecraft:stone":20,"minecraft:deepslate":1,"minecraft:fern":2},"minecraft:picked_up":{"minecraft:crafting_table":2,"minecraft:glow_ink_sac":3,"minecraft:leather":6,"biomesoplenty:violet":2,"minecraft:oak_log":46,"minecraft:dirt":16,"minecraft:bone":1,"minecraft:apple":5,"minecraft:wheat_seeds":2,"minecraft:cobbled_deepslate":1,"minecraft:beef":12,"minecraft:sugar_cane":4,"minecraft:raw_iron":24,"minecraft:stick":44,"minecraft:porkchop":6,"minecraft:spruce_sapling":1,"biomesoplenty:maple_sapling":55,"minecraft:arrow":3,"minecraft:mutton":10,"minecraft:white_wool":7,"minecraft:cobblestone":20},"minecraft:dropped":{"minecraft:sugar_cane":4,"minecraft:wheat_seeds":1,"alexsmobs:animal_dictionary":1,"biomesoplenty:maple_sapling":55,"minecraft:apple":3,"minecraft:stick":4,"biomesoplenty:violet":2,"tconstruct:materials_and_you":1,"minecraft:golden_carrot":8,"minecraft:wooden_hoe":1,"minecraft:spruce_sapling":1},"minecraft:killed":{"minecraft:pig":4,"minecraft:spider":1,"tconstruct:sky_slime":1,"minecraft:sheep":8,"minecraft:skeleton":2,"minecraft:cow":7}},"DataVersion":3120}