{"stats":{"minecraft:custom":{"minecraft:time_since_rest":1,"minecraft:sprint_one_cm":57453,"minecraft:damage_taken":2529,"minecraft:walk_one_cm":54595,"minecraft:mob_kills":16,"minecraft:drop":79,"minecraft:damage_dealt":1759,"minecraft:swim_one_cm":19081,"minecraft:interact_with_crafting_table":5,"minecraft:fly_one_cm":102165,"minecraft:open_barrel":3,"minecraft:open_chest":1,"minecraft:crouch_one_cm":544,"minecraft:play_time":23999,"minecraft:deaths":4,"minecraft:sneak_time":456,"minecraft:walk_under_water_one_cm":2331,"minecraft:boat_one_cm":124882,"minecraft:jump":412,"minecraft:leave_game":2,"minecraft:time_since_death":679,"minecraft:walk_on_water_one_cm":3306,"minecraft:total_world_time":23999,"minecraft:fall_one_cm":23128},"minecraft:crafted":{"minecraft:oak_boat":1,"minecraft:oak_planks":104,"minecraft:wooden_hoe":1,"minecraft:crafting_table":1,"minecraft:stick":8,"minecraft:wooden_pickaxe":1,"minecraft:stone_pickaxe":1,"minecraft:stone_axe":1},"minecraft:killed_by":{"eyesinthedark:eyes_in_the_dark":1,"minecraft:player":2,"minecraft:creeper":1},"minecraft:used":{"minecraft:writable_book":1,"minecraft:apple":2,"minecraft:stone_pickaxe":3,"minecraft:wooden_pickaxe":3,"minecraft:stone_axe":47,"minecraft:golden_carrot":7,"minecraft:dirt":1,"minecraft:mutton":3,"minecraft:beef":2,"minecraft:crafting_table":2,"minecraft:oak_boat":1},"minecraft:mined":{"tconstruct:sky_slime_tall_grass":1,"treechop:chopped_log":6,"minecraft:crafting_table":1,"minecraft:grass_block":1,"minecraft:tall_grass":1,"minecraft:stone":6,"minecraft:fern":2},"minecraft:picked_up":{"minecraft:stick":44,"minecraft:crafting_table":1,"minecraft:leather":6,"biomesoplenty:violet":2,"minecraft:porkchop":6,"minecraft:oak_log":46,"minecraft:spruce_sapling":1,"minecraft:dirt":16,"biomesoplenty:maple_sapling":55,"minecraft:apple":5,"minecraft:wheat_seeds":2,"minecraft:beef":12,"minecraft:sugar_cane":4,"minecraft:mutton":6,"minecraft:white_wool":4,"minecraft:cobblestone":6},"minecraft:dropped":{"biomesoplenty:violet":2,"minecraft:sugar_cane":4,"minecraft:wheat_seeds":1,"alexsmobs:animal_dictionary":1,"tconstruct:materials_and_you":1,"minecraft:golden_carrot":8,"minecraft:wooden_hoe":1,"biomesoplenty:maple_sapling":53,"minecraft:apple":3,"minecraft:spruce_sapling":1,"minecraft:stick":4},"minecraft:killed":{"minecraft:sheep":5,"minecraft:pig":4,"minecraft:spider":1,"tconstruct:sky_slime":1,"minecraft:cow":7}},"DataVersion":3120}