{
  "comforts:sleeping_bag_light_gray": {
    "criteria": {
      "has_the_recipe": "2024-09-14 22:11:21 +0000"
    },
    "done": true
  },
  "incendium:technical/on_block": {
    "criteria": {
      "log_spam_fixer": "2024-09-15 17:28:19 +0000"
    },
    "done": false
  },
  "comforts:hammock_white": {
    "criteria": {
      "has_the_recipe": "2024-09-14 22:11:21 +0000"
    },
    "done": true
  },
  "comforts:hammock_cyan_from_white": {
    "criteria": {
      "has_the_recipe": "2024-09-14 22:11:21 +0000"
    },
    "done": true
  },
  "comforts:hammock_black": {
    "criteria": {
      "has_the_recipe": "2024-09-14 22:11:21 +0000"
    },
    "done": true
  },
  "comforts:sleeping_bag_light_blue": {
    "criteria": {
      "has_the_recipe": "2024-09-14 22:11:21 +0000"
    },
    "done": true
  },
  "comforts:sleeping_bag_green_from_white": {
    "criteria": {
      "has_the_recipe": "2024-09-14 22:11:21 +0000"
    },
    "done": true
  },
  "comforts:sleeping_bag_lime": {
    "criteria": {
      "has_the_recipe": "2024-09-14 22:11:21 +0000"
    },
    "done": true
  },
  "tconstruct:tools/materials_and_you": {
    "criteria": {
      "crafted_book": "2024-09-14 22:11:21 +0000"
    },
    "done": true
  },
  "tconstruct:internal/starting_book": {
    "criteria": {
      "tick": "2024-09-14 22:11:21 +0000"
    },
    "done": true
  },
  "comforts:sleeping_bag_lime_from_white": {
    "criteria": {
      "has_the_recipe": "2024-09-14 22:11:21 +0000"
    },
    "done": true
  },
  "comforts:sleeping_bag_black_from_white": {
    "criteria": {
      "has_the_recipe": "2024-09-14 22:11:21 +0000"
    },
    "done": true
  },
  "comforts:hammock_light_blue_from_white": {
    "criteria": {
      "has_the_recipe": "2024-09-14 22:11:21 +0000"
    },
    "done": true
  },
  "comforts:sleeping_bag_black": {
    "criteria": {
      "has_the_recipe": "2024-09-14 22:11:21 +0000"
    },
    "done": true
  },
  "incendium:technical/inventory/sentrys_wrath": {
    "criteria": {
      "log_spam_fixer": "2024-09-15 17:28:19 +0000"
    },
    "done": false
  },
  "comforts:hammock_red_from_white": {
    "criteria": {
      "has_the_recipe": "2024-09-14 22:11:21 +0000"
    },
    "done": true
  },
  "comforts:hammock_yellow": {
    "criteria": {
      "has_the_recipe": "2024-09-14 22:11:21 +0000"
    },
    "done": true
  },
  "corail_recycler:recipes/diamond_disk": {
    "criteria": {
      "requirement_2": "2024-09-14 23:50:31 +0000"
    },
    "done": false
  },
  "mowziesmobs:root": {
    "criteria": {
      "custom_test_name": "2024-09-14 22:11:21 +0000"
    },
    "done": true
  },
  "comforts:hammock_cyan": {
    "criteria": {
      "has_the_recipe": "2024-09-14 22:11:21 +0000"
    },
    "done": true
  },
  "tombstone:adventure/cancel_ghostly_shape": {
    "criteria": {
      "coded_trigger": "2024-09-14 22:23:32 +0000"
    },
    "done": true
  },
  "comforts:sleeping_bag_purple": {
    "criteria": {
      "has_the_recipe": "2024-09-14 22:11:21 +0000"
    },
    "done": true
  },
  "comforts:hammock_pink_from_white": {
    "criteria": {
      "has_the_recipe": "2024-09-14 22:11:21 +0000"
    },
    "done": true
  },
  "betterdungeons:all_dungeons": {
    "criteria": {
      "in_better_zombie_dungeon": "2024-09-14 23:51:15 +0000"
    },
    "done": false
  },
  "betterdungeons:zombie_dungeon": {
    "criteria": {
      "in_better_zombie_dungeon": "2024-09-14 23:51:15 +0000"
    },
    "done": true
  },
  "farmersdelight:main/get_fd_seed": {
    "criteria": {
      "onion": "2024-09-14 23:56:43 +0000"
    },
    "done": true
  },
  "comforts:sleeping_bag_purple_from_white": {
    "criteria": {
      "has_the_recipe": "2024-09-14 22:11:21 +0000"
    },
    "done": true
  },
  "tombstone:adventure/root": {
    "criteria": {
      "auto": "2024-09-14 22:11:22 +0000"
    },
    "done": true
  },
  "comforts:sleeping_bag_yellow": {
    "criteria": {
      "has_the_recipe": "2024-09-14 22:11:21 +0000"
    },
    "done": true
  },
  "tombstone:adventure/chain_death": {
    "criteria": {
      "coded_trigger": "2024-09-14 23:06:55 +0000"
    },
    "done": true
  },
  "comforts:hammock_light_gray": {
    "criteria": {
      "has_the_recipe": "2024-09-14 22:11:21 +0000"
    },
    "done": true
  },
  "comforts:hammock_purple": {
    "criteria": {
      "has_the_recipe": "2024-09-14 22:11:21 +0000"
    },
    "done": true
  },
  "minecraft:husbandry/balanced_diet": {
    "criteria": {
      "beef": "2024-09-14 23:55:40 +0000",
      "baked_potato": "2024-09-15 00:18:43 +0000",
      "porkchop": "2024-09-15 00:03:12 +0000",
      "pumpkin_pie": "2024-09-14 23:58:37 +0000",
      "bread": "2024-09-15 17:04:33 +0000",
      "golden_carrot": "2024-09-15 17:27:53 +0000"
    },
    "done": false
  },
  "comforts:sleeping_bag_orange_from_white": {
    "criteria": {
      "has_the_recipe": "2024-09-14 22:11:21 +0000"
    },
    "done": true
  },
  "comforts:hammock_yellow_from_white": {
    "criteria": {
      "has_the_recipe": "2024-09-14 22:11:21 +0000"
    },
    "done": true
  },
  "tombstone:recipes/from_grave_key": {
    "criteria": {
      "has_ingredient": "2024-09-14 22:17:54 +0000"
    },
    "done": true
  },
  "comforts:sleeping_bag_blue_from_white": {
    "criteria": {
      "has_the_recipe": "2024-09-14 22:11:21 +0000"
    },
    "done": true
  },
  "biomesoplenty:biomesoplenty/root": {
    "criteria": {
      "lavender_field": "2024-09-14 22:11:22 +0000"
    },
    "done": true
  },
  "comforts:sleeping_bag_green": {
    "criteria": {
      "has_the_recipe": "2024-09-14 22:11:21 +0000"
    },
    "done": true
  },
  "comforts:hammock_lime": {
    "criteria": {
      "has_the_recipe": "2024-09-14 22:11:21 +0000"
    },
    "done": true
  },
  "comforts:sleeping_bag_brown_from_white": {
    "criteria": {
      "has_the_recipe": "2024-09-14 22:11:21 +0000"
    },
    "done": true
  },
  "minecraft:story/iron_tools": {
    "criteria": {
      "iron_pickaxe": "2024-09-14 23:53:32 +0000"
    },
    "done": true
  },
  "comforts:sleeping_bag_white": {
    "criteria": {
      "has_the_recipe": "2024-09-14 22:11:21 +0000"
    },
    "done": true
  },
  "comforts:sleeping_bag_pink": {
    "criteria": {
      "has_the_recipe": "2024-09-14 22:11:21 +0000"
    },
    "done": true
  },
  "comforts:hammock_light_gray_from_white": {
    "criteria": {
      "has_the_recipe": "2024-09-14 22:11:21 +0000"
    },
    "done": true
  },
  "comforts:sleeping_bag_gray": {
    "criteria": {
      "has_the_recipe": "2024-09-14 22:11:21 +0000"
    },
    "done": true
  },
  "comforts:sleeping_bag_brown": {
    "criteria": {
      "has_the_recipe": "2024-09-14 22:11:21 +0000"
    },
    "done": true
  },
  "comforts:sleeping_bag_light_blue_from_white": {
    "criteria": {
      "has_the_recipe": "2024-09-14 22:11:21 +0000"
    },
    "done": true
  },
  "tombstone:adventure/first_grave": {
    "criteria": {
      "coded_trigger": "2024-09-14 22:17:52 +0000"
    },
    "done": true
  },
  "minecraft:story/root": {
    "criteria": {
      "crafting_table": "2024-09-14 23:06:33 +0000"
    },
    "done": true
  },
  "artifacts:amateur_archaeologist": {
    "criteria": {
      "find_artifact": "2024-09-14 23:58:02 +0000"
    },
    "done": true
  },
  "comforts:hammock_light_blue": {
    "criteria": {
      "has_the_recipe": "2024-09-14 22:11:21 +0000"
    },
    "done": true
  },
  "incendium:technical/using/shield": {
    "criteria": {
      "log_spam_fixer": "2024-09-14 22:11:22 +0000"
    },
    "done": false
  },
  "corail_recycler:recipes/recycler": {
    "criteria": {
      "requirement_2": "2024-09-14 23:50:31 +0000",
      "requirement_3": "2024-09-15 00:13:22 +0000",
      "requirement_1": "2024-09-14 23:06:31 +0000"
    },
    "done": true
  },
  "comforts:rope_and_nail": {
    "criteria": {
      "has_the_recipe": "2024-09-14 22:11:21 +0000"
    },
    "done": true
  },
  "comforts:hammock_magenta": {
    "criteria": {
      "has_the_recipe": "2024-09-14 22:11:21 +0000"
    },
    "done": true
  },
  "betterdungeons:root": {
    "criteria": {
      "always": "2024-09-14 22:11:21 +0000"
    },
    "done": true
  },
  "comforts:sleeping_bag_red": {
    "criteria": {
      "has_the_recipe": "2024-09-14 22:11:21 +0000"
    },
    "done": true
  },
  "incendium:technical/using/trailblazer": {
    "criteria": {
      "log_spam_fixer": "2024-09-14 22:11:22 +0000"
    },
    "done": false
  },
  "comforts:sleeping_bag_red_from_white": {
    "criteria": {
      "has_the_recipe": "2024-09-14 22:11:21 +0000"
    },
    "done": true
  },
  "man:feelingwatched": {
    "criteria": {
      "feelingwatched": "2024-09-14 22:19:40 +0000"
    },
    "done": true
  },
  "minecraft:adventure/kill_a_mob": {
    "criteria": {
      "minecraft:zombie": "2024-09-14 22:25:15 +0000"
    },
    "done": true
  },
  "incendium:technical/scroll_of_returning": {
    "criteria": {
      "log_spam_fixer": "2024-09-14 22:11:22 +0000"
    },
    "done": false
  },
  "incendium:technical/multiplex_crossbow": {
    "criteria": {
      "log_spam_fixer": "2024-09-15 17:28:19 +0000"
    },
    "done": false
  },
  "comforts:sleeping_bag_magenta_from_white": {
    "criteria": {
      "has_the_recipe": "2024-09-14 22:11:21 +0000"
    },
    "done": true
  },
  "minecraft:story/obtain_armor": {
    "criteria": {
      "iron_boots": "2024-09-14 23:53:56 +0000"
    },
    "done": true
  },
  "comforts:hammock_magenta_from_white": {
    "criteria": {
      "has_the_recipe": "2024-09-14 22:11:21 +0000"
    },
    "done": true
  },
  "comforts:sleeping_bag_blue": {
    "criteria": {
      "has_the_recipe": "2024-09-14 22:11:21 +0000"
    },
    "done": true
  },
  "corail_recycler:recipes/netherite_disk": {
    "criteria": {
      "requirement_2": "2024-09-14 23:50:31 +0000"
    },
    "done": false
  },
  "comforts:hammock_brown_from_white": {
    "criteria": {
      "has_the_recipe": "2024-09-14 22:11:21 +0000"
    },
    "done": true
  },
  "tombstone:recipes/from_grave_dust": {
    "criteria": {
      "has_ingredient": "2024-09-14 22:23:33 +0000"
    },
    "done": true
  },
  "corail_recycler:recipes/steel_disk": {
    "criteria": {
      "requirement_2": "2024-09-14 23:50:31 +0000"
    },
    "done": false
  },
  "biomesoplenty:biomesoplenty/all_biomes": {
    "criteria": {
      "shrubland": "2024-09-14 22:19:49 +0000",
      "orchard": "2024-09-15 00:01:23 +0000",
      "lavender_forest": "2024-09-15 00:01:53 +0000",
      "redwood_forest": "2024-09-14 22:23:05 +0000",
      "dune_beach": "2024-09-14 22:23:50 +0000",
      "lavender_field": "2024-09-14 22:11:22 +0000",
      "grassland": "2024-09-14 22:22:40 +0000"
    },
    "done": false
  },
  "minecraft:story/mine_stone": {
    "criteria": {
      "get_stone": "2024-09-14 23:10:11 +0000"
    },
    "done": true
  },
  "incendium:technical/firestorm": {
    "criteria": {
      "log_spam_fixer": "2024-09-15 17:28:19 +0000"
    },
    "done": false
  },
  "morevillagers:root": {
    "criteria": {
      "always": "2024-09-14 22:11:21 +0000"
    },
    "done": true
  },
  "tombstone:adventure/create_magic_scroll": {
    "criteria": {
      "has_magic_scroll": "2024-09-14 23:56:48 +0000"
    },
    "done": true
  },
  "minecraft:adventure/adventuring_time": {
    "criteria": {
      "minecraft:beach": "2024-09-14 23:50:52 +0000",
      "minecraft:river": "2024-09-14 23:55:43 +0000",
      "minecraft:ocean": "2024-09-15 17:25:03 +0000"
    },
    "done": false
  },
  "comforts:hammock_blue_from_white": {
    "criteria": {
      "has_the_recipe": "2024-09-14 22:11:21 +0000"
    },
    "done": true
  },
  "minecraft:adventure/sleep_in_bed": {
    "criteria": {
      "slept_in_bed": "2024-09-15 17:17:42 +0000"
    },
    "done": true
  },
  "comforts:sleeping_bag_gray_from_white": {
    "criteria": {
      "has_the_recipe": "2024-09-14 22:11:21 +0000"
    },
    "done": true
  },
  "incendium:technical/using/ragnarok": {
    "criteria": {
      "log_spam_fixer": "2024-09-14 22:11:22 +0000"
    },
    "done": false
  },
  "comforts:sleeping_bag_orange": {
    "criteria": {
      "has_the_recipe": "2024-09-14 22:11:21 +0000"
    },
    "done": true
  },
  "minecraft:husbandry/root": {
    "criteria": {
      "consumed_item": "2024-09-14 23:55:40 +0000"
    },
    "done": true
  },
  "comforts:sleeping_bag_cyan": {
    "criteria": {
      "has_the_recipe": "2024-09-14 22:11:21 +0000"
    },
    "done": true
  },
  "corail_recycler:tutorial/root": {
    "criteria": {
      "auto": "2024-09-14 22:11:22 +0000"
    },
    "done": true
  },
  "incendium:technical/new_player": {
    "criteria": {
      "requirement": "2024-09-14 22:11:21 +0000"
    },
    "done": true
  },
  "comforts:hammock_purple_from_white": {
    "criteria": {
      "has_the_recipe": "2024-09-14 22:11:21 +0000"
    },
    "done": true
  },
  "tombstone:adventure/easy_opening": {
    "criteria": {
      "coded_trigger": "2024-09-14 23:45:51 +0000"
    },
    "done": true
  },
  "incendium:technical/holy_wrath": {
    "criteria": {
      "log_spam_fixer": "2024-09-15 17:28:19 +0000"
    },
    "done": false
  },
  "incendium:technical/inventory/firestorm": {
    "criteria": {
      "log_spam_fixer": "2024-09-15 17:28:19 +0000"
    },
    "done": false
  },
  "minecraft:adventure/root": {
    "criteria": {
      "killed_something": "2024-09-14 22:17:52 +0000"
    },
    "done": true
  },
  "comforts:sleeping_bag_pink_from_white": {
    "criteria": {
      "has_the_recipe": "2024-09-14 22:11:21 +0000"
    },
    "done": true
  },
  "comforts:hammock_red": {
    "criteria": {
      "has_the_recipe": "2024-09-14 22:11:21 +0000"
    },
    "done": true
  },
  "incendium:technical/give_ghastling": {
    "criteria": {
      "log_spam_fixer": "2024-09-15 17:28:19 +0000"
    },
    "done": false
  },
  "tombstone:adventure/use_aquatic_life": {
    "criteria": {
      "has_magic_scroll": "2024-09-14 23:58:18 +0000"
    },
    "done": true
  },
  "farmersdelight:main/root": {
    "criteria": {
      "seeds": "2024-09-14 22:11:21 +0000"
    },
    "done": true
  },
  "comforts:hammock_black_from_white": {
    "criteria": {
      "has_the_recipe": "2024-09-14 22:11:21 +0000"
    },
    "done": true
  },
  "comforts:sleeping_bag_yellow_from_white": {
    "criteria": {
      "has_the_recipe": "2024-09-14 22:11:21 +0000"
    },
    "done": true
  },
  "incendium:technical/on_kill": {
    "criteria": {
      "log_spam_fixer": "2024-09-15 17:28:19 +0000"
    },
    "done": false
  },
  "comforts:hammock_gray_from_white": {
    "criteria": {
      "has_the_recipe": "2024-09-14 22:11:21 +0000"
    },
    "done": true
  },
  "incendium:technical/on_player_hurt": {
    "criteria": {
      "log_spam_fixer": "2024-09-15 17:28:19 +0000"
    },
    "done": false
  },
  "minecraft:adventure/kill_all_mobs": {
    "criteria": {
      "minecraft:spider": "2024-09-15 17:04:19 +0000",
      "minecraft:zombie": "2024-09-14 22:25:15 +0000"
    },
    "done": false
  },
  "incendium:technical/sentrys_wrath": {
    "criteria": {
      "log_spam_fixer": "2024-09-15 17:28:19 +0000"
    },
    "done": false
  },
  "dungeons_arise:wda_root": {
    "criteria": {
      "WDA": "2024-09-14 22:11:21 +0000"
    },
    "done": true
  },
  "farmersdelight:main/craft_knife": {
    "criteria": {
      "iron_knife": "2024-09-15 00:11:36 +0000"
    },
    "done": true
  },
  "comforts:hammock_green_from_white": {
    "criteria": {
      "has_the_recipe": "2024-09-14 22:11:21 +0000"
    },
    "done": true
  },
  "comforts:hammock_orange": {
    "criteria": {
      "has_the_recipe": "2024-09-14 22:11:21 +0000"
    },
    "done": true
  },
  "comforts:hammock_lime_from_white": {
    "criteria": {
      "has_the_recipe": "2024-09-14 22:11:21 +0000"
    },
    "done": true
  },
  "endrem:main/root": {
    "criteria": {
      "corrupted_eye": "2024-09-14 23:57:57 +0000"
    },
    "done": true
  },
  "comforts:hammock_pink": {
    "criteria": {
      "has_the_recipe": "2024-09-14 22:11:21 +0000"
    },
    "done": true
  },
  "comforts:hammock_orange_from_white": {
    "criteria": {
      "has_the_recipe": "2024-09-14 22:11:21 +0000"
    },
    "done": true
  },
  "comforts:sleeping_bag_magenta": {
    "criteria": {
      "has_the_recipe": "2024-09-14 22:11:21 +0000"
    },
    "done": true
  },
  "comforts:sleeping_bag_cyan_from_white": {
    "criteria": {
      "has_the_recipe": "2024-09-14 22:11:21 +0000"
    },
    "done": true
  },
  "comforts:sleeping_bag_light_gray_from_white": {
    "criteria": {
      "has_the_recipe": "2024-09-14 22:11:21 +0000"
    },
    "done": true
  },
  "create:root": {
    "criteria": {
      "0": "2024-09-14 22:11:21 +0000"
    },
    "done": true
  },
  "incendium:technical/feed_ghastling": {
    "criteria": {
      "log_spam_fixer": "2024-09-15 17:28:19 +0000"
    },
    "done": false
  },
  "tombstone:adventure/first_knowledge": {
    "criteria": {
      "coded_trigger": "2024-09-14 23:06:55 +0000"
    },
    "done": true
  },
  "comforts:hammock_brown": {
    "criteria": {
      "has_the_recipe": "2024-09-14 22:11:21 +0000"
    },
    "done": true
  },
  "minecraft:story/upgrade_tools": {
    "criteria": {
      "stone_pickaxe": "2024-09-14 23:43:01 +0000"
    },
    "done": true
  },
  "comforts:hammock_blue": {
    "criteria": {
      "has_the_recipe": "2024-09-14 22:11:21 +0000"
    },
    "done": true
  },
  "comforts:hammock_green": {
    "criteria": {
      "has_the_recipe": "2024-09-14 22:11:21 +0000"
    },
    "done": true
  },
  "paraglider:root": {
    "criteria": {
      "crafting_table": "2024-09-14 23:06:33 +0000"
    },
    "done": true
  },
  "minecraft:story/smelt_iron": {
    "criteria": {
      "iron": "2024-09-14 23:50:31 +0000"
    },
    "done": true
  },
  "comforts:hammock_gray": {
    "criteria": {
      "has_the_recipe": "2024-09-14 22:11:21 +0000"
    },
    "done": true
  },
  "endrem:main/corrupted_eye": {
    "criteria": {
      "corrupted_eye": "2024-09-14 23:57:57 +0000"
    },
    "done": true
  },
  "incendium:technical/on_inventory_change": {
    "criteria": {
      "log_spam_fixer": "2024-09-15 17:28:19 +0000"
    },
    "done": false
  },
  "tombstone:adventure/ambush": {
    "criteria": {
      "coded_trigger": "2024-09-14 23:57:03 +0000"
    },
    "done": true
  },
  "DataVersion": 3120
}